run_id,variant,geometry,post_pca_normalized,fuzzifier,selected_k,selection_reason,selection_score,xie_beni,selection_silhouette,restart_stability,modified_partition_coefficient,cluster_sizes,raw_pca_euclidean_silhouette,pca_direction_cosine_silhouette,runtime_sec,top_nmi,top_ari,leaf_nmi,leaf_ari
existing_sfcm_m2,existing_sfcm,spherical,True,2.0,8.0,selected_multi_metric_xb_worsening_patience,0.7666666666666666,0.1654905332239773,0.08656831238280178,0.6331191594202126,0.038295533844485155,"[346, 434, 543, 389, 244, 287, 349, 408]",0.07802738906678686,0.1502365903177034,10.128124899000113,0.4470512737181533,0.37974096062144,0.5351181780065039,0.32703532311908146
raw_pca_cosine_fcm_m2,raw_pca_cosine_fcm,cosine_raw,False,2.0,8.0,selected_multi_metric_xb_worsening_patience,0.7666666666666666,0.16160385883984285,0.14905729046814142,0.6335514872796093,0.038998553805685364,"[347, 425, 542, 390, 251, 287, 351, 407]",0.07792788049673191,0.14905729046814142,16.71389684199994,0.443547566609737,0.3768005190566117,0.5307335354690886,0.3243544561868251
normalized_pca_cosine_fcm_m2,normalized_pca_cosine_fcm,cosine_normalized,True,2.0,8.0,selected_multi_metric_xb_worsening_patience,0.7666666666666666,0.16549053322397736,0.1502365903177034,0.6331191594202126,0.038295533844485155,"[346, 434, 543, 389, 244, 287, 349, 408]",0.07802738906678686,0.1502365903177034,19.272023870999874,0.4470512737181533,0.37974096062144,0.5351181780065039,0.32703532311908146
raw_pca_euclidean_fcm_m2,raw_pca_euclidean_fcm,euclidean,False,2.0,,no_valid_xie_beni_split,,,,,,,,,7.991923060999852,,,,
existing_sfcm_m1p8,existing_sfcm,spherical,True,1.8,8.0,selected_multi_metric_xb_worsening_patience,0.7916666666666667,0.24214252491855154,0.08674790685861049,0.6334526759498649,0.06652778174811076,"[348, 432, 537, 390, 241, 291, 350, 411]",0.07815998548166576,0.15058438490430304,14.786086072999979,0.4489183020809544,0.3810488304304854,0.5365428067343936,0.32844767640341227
raw_pca_cosine_fcm_m1p8,raw_pca_cosine_fcm,cosine_raw,False,1.8,8.0,selected_multi_metric_xb_worsening_patience,0.7916666666666667,0.23727189895756484,0.14934023704852772,0.6372516194580635,0.06744169171615111,"[409, 253, 536, 391, 348, 425, 350, 288]",0.07791303544766513,0.14934023704852772,20.379095559000007,0.44405134654884787,0.3767074259893509,0.5320428252579614,0.32550611218134506
normalized_pca_cosine_fcm_m1p8,normalized_pca_cosine_fcm,cosine_normalized,True,1.8,8.0,selected_multi_metric_xb_worsening_patience,0.7916666666666667,0.2421425249185515,0.15058438490430306,0.6334526759498649,0.06652778174811076,"[348, 432, 537, 390, 241, 291, 350, 411]",0.07815998548166576,0.15058438490430304,23.925778917999878,0.4489183020809544,0.3810488304304854,0.5365428067343936,0.32844767640341227
raw_pca_euclidean_fcm_m1p8,raw_pca_euclidean_fcm,euclidean,False,1.8,,no_valid_xie_beni_split,,,,,,,,,10.675480710000102,,,,
existing_sfcm_m1p6,existing_sfcm,spherical,True,1.6,8.0,selected_multi_metric_xb_worsening_patience,0.7583333333333333,0.35624138053911536,0.08703967998577058,0.6403509058967556,0.12489755259837539,"[353, 429, 532, 393, 237, 297, 347, 412]",0.07831242378760607,0.15110548635914725,14.264846605999992,0.4518824199164671,0.3821234957016042,0.540168849421861,0.3308580643639561
raw_pca_cosine_fcm_m1p6,raw_pca_cosine_fcm,cosine_raw,False,1.6,8.0,selected_multi_metric_xb_worsening_patience,0.7583333333333333,0.34939318551364895,0.15027767338404788,0.6447202901869649,0.12597009358918113,"[407, 246, 536, 394, 353, 423, 343, 298]",0.07805425142930725,0.15027767338404788,20.9941897340002,0.4457960273502979,0.3779680136926728,0.5352508438506257,0.32834303228150374
normalized_pca_cosine_fcm_m1p6,normalized_pca_cosine_fcm,cosine_normalized,True,1.6,6.0,selected_multi_metric_xb_worsening_patience,0.7083333333333334,0.31445174443650215,0.15152987634771098,0.5700884937292986,0.1235395007642548,"[468, 443, 469, 544, 479, 597]",0.07718667917945578,0.15152987634771095,23.634162177999997,0.5067126345628975,0.4568863753609359,0.5319589025403826,0.30003159824357606
raw_pca_euclidean_fcm_m1p6,raw_pca_euclidean_fcm,euclidean,False,1.6,,no_valid_xie_beni_split,,,,,,,,,12.15363597999999,,,,
existing_sfcm_m1p4,existing_sfcm,spherical,True,1.4,6.0,selected_multi_metric_xb_worsening_patience,0.725,0.4274748832889502,0.08899748031141431,0.6338896023200474,0.23434197371388252,"[470, 544, 597, 471, 443, 475]",0.07976636517742403,0.15655140450711197,16.45794986399983,0.5287799775024025,0.4768462088555667,0.5503330710964572,0.31098059165328584
raw_pca_cosine_fcm_m1p4,raw_pca_cosine_fcm,cosine_raw,False,1.4,6.0,selected_multi_metric_xb_worsening_patience,0.7916666666666666,0.41950089229113785,0.1547676142902172,0.6860232060609646,0.23467529570885073,"[464, 547, 595, 466, 476, 452]",0.07892542687820403,0.1547676142902172,21.64479490000008,0.5170206578726386,0.4669057735670184,0.5420912924113747,0.3058011676542829
normalized_pca_cosine_fcm_m1p4,normalized_pca_cosine_fcm,cosine_normalized,True,1.4,6.0,selected_multi_metric_xb_worsening_patience,0.725,0.4274748832889501,0.15655140450711194,0.6338896023200474,0.23434197371388252,"[470, 544, 597, 471, 443, 475]",0.07976636517742403,0.15655140450711197,26.66255980799997,0.5287799775024025,0.4768462088555667,0.5503330710964572,0.31098059165328584
raw_pca_euclidean_fcm_m1p4,raw_pca_euclidean_fcm,euclidean,False,1.4,,no_valid_xie_beni_split,,,,,,,,,16.724337415000036,,,,
existing_sfcm_m1p2,existing_sfcm,spherical,True,1.2,7.0,selected_multi_metric_xb_worsening_patience,0.7083333333333334,0.5538125795536626,0.10485302817460335,0.8447420970204189,0.5872731826061549,"[427, 390, 455, 535, 244, 596, 353]",0.09829652232505975,0.18339647003997678,14.685977364999871,0.6618505838971243,0.6189401683157382,0.6499305372722315,0.39084928470626373
raw_pca_cosine_fcm_m1p2,raw_pca_cosine_fcm,cosine_raw,False,1.2,6.0,selected_multi_metric_xb_worsening_patience,0.6500000000000001,0.5034503963374272,0.1697678260529786,0.8608585439686903,0.5757852337883776,"[446, 601, 543, 590, 387, 433]",0.08840680157219565,0.1697678260529786,24.1022573570001,0.6135077037130257,0.5616776576058171,0.6083264798748502,0.34421647659554633
normalized_pca_cosine_fcm_m1p2,normalized_pca_cosine_fcm,cosine_normalized,True,1.2,7.0,selected_multi_metric_xb_worsening_patience,0.7083333333333334,0.5538125795536626,0.18339647003997683,0.8447420970204189,0.5872731826061549,"[427, 390, 455, 535, 244, 596, 353]",0.09829652232505975,0.18339647003997678,24.720379186999935,0.6618505838971243,0.6189401683157382,0.6499305372722315,0.39084928470626373
raw_pca_euclidean_fcm_m1p2,raw_pca_euclidean_fcm,euclidean,False,1.2,,no_valid_xie_beni_split,,,,,,,,,67.35859354499985,,,,
