strategy,seed,selected_k,selection_reason,selection_sec,full_fit_sec,assignment_sec,quality_sec,algorithm_sec,end_to_end_sec,clusters,silhouette,xie_beni,agreement_ari_vs_full_selection,tag_nmi,tag_ari,class_nmi,class_ari
full_selection,42,5,selected_multi_metric_xb_worsening_patience,14.444137528000283,0.0,0.0,0.17592422799953056,14.444137528000283,14.620061755999814,5,0.05447300508052066,0.24301127858177093,,0.4393023309584375,0.3919228875068421,0.4801146021142897,0.24402823339270863
sample_select_full_fit,42,4,selected_multi_metric_xb_worsening_patience,2.530212981000659,3.642265074000534,0.0,0.14376558900039527,6.172478055001193,6.316243644001588,4,0.04638284803189792,0.22665775862221446,0.654278257481969,0.3635944503329507,0.3002914554498459,0.395566214083351,0.1720160897077893
sample_select_project,42,4,selected_multi_metric_xb_worsening_patience,2.530212981000659,0.0,0.003686814000502636,0.1539399430002959,2.5338997950011617,2.6878397380014576,4,0.04082953243115306,0.32617215557389884,0.402717073727334,0.3476319962267353,0.29552749661183075,0.39931150432022067,0.17692513611113977
full_selection,43,5,selected_multi_metric_xb_worsening_patience,9.978468293000333,0.0,0.0,0.15482860100019025,9.978468293000333,10.133296894000523,5,0.05447300508052066,0.2430122581470546,,0.43930233095843746,0.3919228875068421,0.4801146021142897,0.24402823339270863
sample_select_full_fit,43,6,selected_multi_metric_xb_worsening_patience,4.471498472999883,2.499718224999924,0.0,0.1421523660001185,6.971216697999807,7.113369063999926,6,0.046505534982477344,0.26251552235401815,0.5075909510344557,0.39064502921993793,0.3305389354456971,0.44771130961902206,0.23429918545261325
sample_select_project,43,6,selected_multi_metric_xb_worsening_patience,4.471498472999883,0.0,0.0029878380000809557,0.23261343600006512,4.474486310999964,4.707099747000029,6,0.060953971622556044,0.24559413544421707,0.6099796029986743,0.5183937737424014,0.4777653741160158,0.541869045634016,0.3030518258603544
full_selection,44,5,selected_multi_metric_xb_worsening_patience,7.983874606000427,0.0,0.0,0.15892131400050857,7.983874606000427,8.142795920000935,5,0.05447300508052066,0.24301221199665085,,0.43930233095843746,0.3919228875068421,0.4801146021142897,0.24402823339270863
sample_select_full_fit,44,8,selected_multi_metric_xb_worsening_patience,6.091312999000365,3.0786467880006967,0.0,0.1444686909999291,9.169959787001062,9.314428478000991,8,0.0637325770129499,0.21335769819764624,0.5623272968427612,0.473607860757488,0.3922957640571721,0.5556327828399783,0.34340511645180005
sample_select_project,44,8,selected_multi_metric_xb_worsening_patience,6.091312999000365,0.0,0.0036830860008194577,0.18323220199999923,6.094996085001185,6.278228287001184,8,0.06106508099381659,0.19310212704698274,0.5306102929771033,0.4801015973386861,0.42246895504775656,0.5352897759933295,0.33426582789221704
