seed,min_cluster_size,min_samples,neighbor_count,native_leaf_nmi,exact_knn_leaf_nmi,mean_leaf_nmi,mean_noise_rate,complexity
42,18,3,8,0.7470758526117438,0.8101391359764629,0.7786074942941034,0.16666666666666666,29
42,18,3,15,0.7470758526117438,0.8136989319565489,0.7803873922841463,0.16666666666666666,36
42,18,3,24,0.7470758526117438,0.8157394990158862,0.781407675813815,0.16666666666666666,45
42,18,5,8,0.75108241179344,0.8207657428121258,0.7859240773027829,0.14814814814814814,31
42,18,5,15,0.75108241179344,0.8182592538104835,0.7846708328019618,0.14814814814814814,38
42,18,5,24,0.75108241179344,0.8329824648174574,0.7920324383054487,0.14814814814814814,47
42,18,8,8,0.7405288921213595,0.8434298097820436,0.7919793509517016,0.15046296296296297,34
42,18,8,15,0.7405288921213595,0.8069933263271734,0.7737611092242664,0.15046296296296297,41
42,18,8,24,0.7405288921213595,0.8433723334920696,0.7919506128067146,0.15046296296296297,50
42,24,3,8,0.755495512295361,0.8229661414505177,0.7892308268729393,0.034722222222222224,35
42,24,3,15,0.755495512295361,0.8329103047735226,0.7942029085344418,0.034722222222222224,42
42,24,3,24,0.755495512295361,0.8163585648107337,0.7859270385530474,0.034722222222222224,51
42,24,5,8,0.7498752750970988,0.8207657428121258,0.7853205089546123,0.14814814814814814,37
42,24,5,15,0.7498752750970988,0.8182592538104835,0.7840672644537912,0.14814814814814814,44
42,24,5,24,0.7498752750970988,0.8329824648174574,0.7914288699572781,0.14814814814814814,53
42,24,8,8,0.7332115907320033,0.8434298097820436,0.7883207002570234,0.15046296296296297,40
42,24,8,15,0.7332115907320033,0.7979736386828841,0.7655926147074437,0.15046296296296297,47
42,24,8,24,0.7332115907320033,0.8267781050301541,0.7799948478810788,0.15046296296296297,56
42,30,3,8,0.7386323445752051,0.7916450467969536,0.7651386956860793,0.013888888888888888,41
42,30,3,15,0.7386323445752051,0.8023078328457821,0.7704700887104936,0.013888888888888888,48
42,30,3,24,0.7386323445752051,0.7804638917055629,0.759548118140384,0.013888888888888888,57
42,30,5,8,0.7527497962042493,0.8083294822566433,0.7805396392304462,0.011574074074074073,43
42,30,5,15,0.7527497962042493,0.8023078328457821,0.7775288145250157,0.011574074074074073,50
42,30,5,24,0.7527497962042493,0.7943000581201302,0.7735249271621898,0.011574074074074073,59
42,30,8,8,0.7280496114558298,0.837132775679906,0.7825911935678679,0.14351851851851852,46
42,30,8,15,0.7280496114558298,0.8004458139424858,0.7642477126991578,0.14351851851851852,53
42,30,8,24,0.7280496114558298,0.8110951285479651,0.7695723700018975,0.14351851851851852,62
43,18,3,8,0.7573419878761624,0.8167073010457983,0.7870246444609803,0.12962962962962962,29
43,18,3,15,0.7573419878761624,0.8023711528885683,0.7798565703823653,0.12962962962962962,36
43,18,3,24,0.7573419878761624,0.7812071471024034,0.7692745674892829,0.12962962962962962,45
43,18,5,8,0.7838471948932916,0.821026681603504,0.8024369382483978,0.1111111111111111,31
43,18,5,15,0.7838471948932916,0.8225408124867732,0.8031940036900325,0.1111111111111111,38
43,18,5,24,0.7838471948932916,0.8422826348457964,0.8130649148695439,0.1111111111111111,47
43,18,8,8,0.7571249232568,0.8348386146680469,0.7959817689624235,0.14583333333333334,34
43,18,8,15,0.7571249232568,0.8148651534442961,0.7859950383505481,0.14583333333333334,41
43,18,8,24,0.7571249232568,0.8460913585206816,0.8016081408887408,0.14583333333333334,50
43,24,3,8,0.748135101070356,0.8105547466195856,0.7793449238449708,0.12962962962962962,35
43,24,3,15,0.748135101070356,0.8088615170752541,0.778498309072805,0.12962962962962962,42
43,24,3,24,0.748135101070356,0.793775780359673,0.7709554407150145,0.12962962962962962,51
43,24,5,8,0.7681421905788769,0.8154721150119582,0.7918071527954176,0.1111111111111111,37
43,24,5,15,0.7681421905788769,0.8128665631290447,0.7905043768539608,0.1111111111111111,44
43,24,5,24,0.7681421905788769,0.8383201710899321,0.8032311808344045,0.1111111111111111,53
43,24,8,8,0.7501914119042,0.8291125225881963,0.7896519672461981,0.14583333333333334,40
43,24,8,15,0.7501914119042,0.8228644590504333,0.7865279354773167,0.14583333333333334,47
43,24,8,24,0.7501914119042,0.8460913585206816,0.7981413852124408,0.14583333333333334,56
43,30,3,8,0.7694483624883264,0.7694316252116948,0.7694399938500106,0.08796296296296297,41
43,30,3,15,0.7694483624883264,0.8134465800241111,0.7914474712562187,0.08796296296296297,48
43,30,3,24,0.7694483624883264,0.7846111774529396,0.777029769970633,0.08796296296296297,57
43,30,5,8,0.7815587330228478,0.7728385992405975,0.7771986661317227,0.07175925925925926,43
43,30,5,15,0.7815587330228478,0.7658106758116712,0.7736847044172595,0.07175925925925926,50
43,30,5,24,0.7815587330228478,0.7879307368135787,0.7847447349182133,0.07175925925925926,59
43,30,8,8,0.7379082814593567,0.7646081110253609,0.7512581962423588,0.10185185185185185,46
43,30,8,15,0.7379082814593567,0.7655069772151167,0.7517076293372367,0.10185185185185185,53
43,30,8,24,0.7379082814593567,0.7633444186334125,0.7506263500463846,0.10185185185185185,62
44,18,3,8,0.7738885178842643,0.820906282654881,0.7973974002695726,0.12268518518518519,29
44,18,3,15,0.7738885178842643,0.8157971444887953,0.7948428311865298,0.12268518518518519,36
44,18,3,24,0.7738885178842643,0.839363862028391,0.8066261899563276,0.12268518518518519,45
44,18,5,8,0.7437821154973306,0.8331987568292752,0.7884904361633029,0.1550925925925926,31
44,18,5,15,0.7437821154973306,0.8389024107762352,0.7913422631367829,0.1550925925925926,38
44,18,5,24,0.7437821154973306,0.8250516089744315,0.7844168622358811,0.1550925925925926,47
44,18,8,8,0.7358366521445219,0.8285141775146941,0.7821754148296081,0.16666666666666666,34
44,18,8,15,0.7358366521445219,0.818066518063343,0.7769515851039324,0.16666666666666666,41
44,18,8,24,0.7358366521445219,0.8293374892566083,0.7825870707005651,0.16666666666666666,50
44,24,3,8,0.7555838072149419,0.8104649750287455,0.7830243911218437,0.10185185185185185,35
44,24,3,15,0.7555838072149419,0.8021929711571917,0.7788883891860667,0.10185185185185185,42
44,24,3,24,0.7555838072149419,0.8230365678403334,0.7893101875276376,0.10185185185185185,51
44,24,5,8,0.735372007197367,0.8270638917558236,0.7812179494765953,0.1412037037037037,37
44,24,5,15,0.735372007197367,0.8276688431454354,0.7815204251714012,0.1412037037037037,44
44,24,5,24,0.735372007197367,0.7999825051044117,0.7676772561508893,0.1412037037037037,53
44,24,8,8,0.7341180777304718,0.8285141775146941,0.781316127622583,0.16666666666666666,40
44,24,8,15,0.7341180777304718,0.8200396540396478,0.7770788658850598,0.16666666666666666,47
44,24,8,24,0.7341180777304718,0.8293374892566083,0.7817277834935401,0.16666666666666666,56
44,30,3,8,0.7705004409911472,0.7971917701546652,0.7838461055729062,0.08796296296296297,41
44,30,3,15,0.7705004409911472,0.7917963638725245,0.7811484024318358,0.08796296296296297,48
44,30,3,24,0.7705004409911472,0.8014432693366602,0.7859718551639037,0.08796296296296297,57
44,30,5,8,0.7550095403180567,0.8065974360448335,0.7808034881814451,0.11342592592592593,43
44,30,5,15,0.7550095403180567,0.8067012239615413,0.780855382139799,0.11342592592592593,50
44,30,5,24,0.7550095403180567,0.7873842372436672,0.771196888780862,0.11342592592592593,59
44,30,8,8,0.7692398411013114,0.8059616492115508,0.7876007451564311,0.02546296296296296,46
44,30,8,15,0.7692398411013114,0.8107925800912141,0.7900162105962627,0.02546296296296296,53
44,30,8,24,0.7692398411013114,0.7996190062127755,0.7844294236570435,0.02546296296296296,62
