accepted_pca_support,alignment_sec,cluster_count,clusters,consensus_acceptance,dataset,dataset_rows,fit_count,fit_reuse_seed42,guard_acceptance,guard_sec,hdbscan_sec,hierarchy_distance,leaf_ari,leaf_nmi,mean_consensus_agreement,mean_guard_score,mean_max_affinity,mean_membership_row_sum,mean_membership_unexplained,mean_normalized_entropy,mean_outlier_score,mean_pca_local_support,mean_pca_umap,mean_probability,mean_raw_pca,mean_raw_umap,medoid_seed,membership_cluster_count,membership_coverage,membership_source,native_membership_sec,noise_ratio,parent_ari,parent_nmi,pca_dimension,pca_selection_sec,pca_umap_k10,pca_umap_k15,pca_umap_k30,pca_umap_k5,pca_umap_k50,raw_pca_k10,raw_pca_k15,raw_pca_k30,raw_pca_k5,raw_pca_k50,raw_umap_k10,raw_umap_k15,raw_umap_k30,raw_umap_k5,raw_umap_k50,route,row_type,run_seed,runtime_sec,seed,seed_pair_cluster_ari_mean,seed_pair_cluster_nmi_mean,seed_pair_noise_jaccard_mean,seed_pair_umap_neighbor_overlap_mean,shared_preprocessing_sec,shared_unique_fit_count,silhouette,soft_recommended_leaf_ari,soft_recommended_leaf_nmi,top_ari,top_nmi,umap_additional_loss_k10,umap_additional_loss_k15,umap_additional_loss_k30,umap_additional_loss_k5,umap_additional_loss_k50,umap_hdbscan_sec,umap_sec
,,54,54,,main_720,720,,,,,0.016413537000062206,0.8652777777777778,0.19776352355051144,0.6595080284159921,,,0.496337633377507,0.7865034427480029,0.21349655725199707,0.48999172935929936,0.23672511570785335,,0.5877555555555556,0.6457579890173031,,0.5719018518518518,,54,1.0,,0.03842545699990296,0.24444444444444444,0.17783881108401906,0.6418942454666052,,,0.5906944444444444,0.6094444444444445,0.6175,0.5363888888888889,0.58475,0.8556944444444444,0.8602777777777778,0.8679629629629629,0.8458333333333333,0.8543333333333333,0.5719444444444445,0.5868518518518518,0.6047685185185185,0.5186111111111111,0.5773333333333334,,discovery_fit,,,42,,,,,,,0.56005859375,0.4129330327209262,0.7560223095397133,0.10484278358623388,0.4821036955070179,0.28374999999999995,0.27342592592592596,0.2631944444444444,0.3272222222222222,0.2769999999999999,9.502916918999745,9.448074850000012
,,49,49,,main_720,720,,,,,0.015607522999744106,0.8513888888888889,0.20641400657843315,0.6691266343132634,,,0.49518626800730303,0.7971234470259068,0.20287655297409318,0.5095040786256578,0.2363877589460795,,0.5892703703703704,0.6512579894481789,,0.5724037037037037,,49,1.0,,0.03618636100009098,0.24305555555555555,0.18710117912136257,0.6526721444802468,,,0.5958333333333333,0.6061111111111112,0.6186574074074074,0.5394444444444444,0.5863055555555555,0.8556944444444444,0.8602777777777778,0.8679629629629629,0.8458333333333333,0.8543333333333333,0.5751388888888889,0.5810185185185185,0.6052777777777778,0.5236111111111111,0.5769722222222222,,discovery_fit,,,43,,,,,,,0.5714054107666016,0.4438135058766629,0.7643065844204712,0.09680512644329707,0.4855986995787272,0.28055555555555556,0.2792592592592593,0.26268518518518513,0.3222222222222222,0.27736111111111106,1.173095197999828,1.121276668000064
,,53,53,,main_720,720,,,,,0.014783160999741085,0.8736111111111111,0.19242133003338585,0.6603243184173504,,,0.4982000313651584,0.8009226412726207,0.19907735872737922,0.49791373661356225,0.2144006258740207,,0.5891185185185185,0.6604892131994586,,0.5731833333333334,,53,1.0,,0.03881246499986446,0.24444444444444444,0.1784494890006137,0.6472397327671371,,,0.5881944444444445,0.6044444444444445,0.622037037037037,0.5422222222222223,0.5886944444444444,0.8556944444444444,0.8602777777777778,0.8679629629629629,0.8458333333333333,0.8543333333333333,0.5670833333333334,0.5837962962962963,0.6098148148148148,0.5247222222222222,0.5805,,discovery_fit,,,44,,,,,,,0.5695574879646301,0.4065266115952925,0.749847053826133,0.10638798307711289,0.4890808067618531,0.28861111111111104,0.27648148148148155,0.2581481481481481,0.3211111111111111,0.27383333333333326,1.1280656489998364,1.07446851099985
,,48,48,,main_720,720,,,,,0.017188105000059295,0.8375,0.2208119984686914,0.6702725296087342,,,0.48922454439752083,0.7941646100653702,0.2058353899346297,0.5159484675182155,0.2412553565405172,,0.5888092592592593,0.6621419707290174,,0.572325925925926,,48,1.0,,0.033971409000059793,0.2222222222222222,0.20695209435741807,0.6582830686003976,,,0.5911111111111111,0.6088888888888889,0.6232407407407408,0.5338888888888889,0.5869166666666666,0.8556944444444444,0.8602777777777778,0.8679629629629629,0.8458333333333333,0.8543333333333333,0.5691666666666667,0.5867592592592593,0.6112037037037037,0.5158333333333334,0.5786666666666667,,discovery_fit,,,45,,,,,,,0.5652849674224854,0.4629310145324449,0.7758283146632213,0.11122201233704662,0.49315369399144166,0.2865277777777777,0.2735185185185185,0.25675925925925924,0.32999999999999996,0.2756666666666666,1.1315277339999739,1.0803662889998122
,,55,55,,main_720,720,,,,,0.017015603999880113,0.8444444444444444,0.1821368080479064,0.6625347896134661,,,0.5217645414115831,0.8167858709708733,0.1832141290291268,0.47743753241089243,0.22396589766804068,,0.5879037037037037,0.6640728412720659,,0.5715518518518519,,55,1.0,,0.04114040800004659,0.25,0.17589183986612494,0.6526285603702132,,,0.5920833333333333,0.605925925925926,0.6185648148148148,0.5377777777777778,0.5851666666666666,0.8556944444444444,0.8602777777777778,0.8679629629629629,0.8458333333333333,0.8543333333333333,0.5725,0.5805555555555556,0.6053703703703703,0.5230555555555556,0.5762777777777778,,discovery_fit,,,46,,,,,,,0.5638388991355896,0.4083982866180851,0.7572295153681424,0.09720140676134642,0.48906220827884317,0.2831944444444444,0.2797222222222222,0.2625925925925926,0.3227777777777777,0.2780555555555555,1.1496016619998954,1.091443487000106
,,95,95,,scale_1500,1500,,,,,0.047290511000028346,1.0186666666666666,0.09087926092600118,0.5902945710865491,,,0.4445738476716098,0.7592351487620529,0.240764851237947,0.5265894178761564,0.2769012687234998,,0.5506391111111112,0.5953686802861787,,0.5231804444444444,,95,1.0,,0.19098634600004516,0.2946666666666667,0.08252353043223963,0.5776825828851668,,,0.533,0.5607555555555556,0.5789333333333333,0.4776,0.6029066666666667,0.8232,0.8352888888888889,0.8528666666666667,0.8072,0.8589733333333334,0.5057333333333334,0.5287555555555555,0.5525333333333333,0.45066666666666666,0.5782133333333334,,discovery_fit,,,42,,,,,,,0.5697927474975586,0.3038809054177677,0.7179720078989684,0.04539786944692609,0.4243963548883306,0.3174666666666667,0.3065333333333333,0.30033333333333334,0.35653333333333337,0.28076,3.230014129999745,2.991734928999904
,,97,97,,scale_1500,1500,,,,,0.046775587999945856,0.9613333333333334,0.09057334801653036,0.5955986480750702,,,0.4550839106246759,0.7718845848899248,0.22811541511007513,0.5120600925050143,0.271722634042339,,0.5521768888888888,0.6123635075322221,,0.5240551111111111,,97,1.0,,0.19200635799961674,0.27666666666666667,0.08387916942136664,0.5840258385028798,,,0.5332666666666667,0.5616444444444444,0.584,0.4746666666666667,0.6073066666666667,0.8232,0.8352888888888889,0.8528666666666667,0.8072,0.8589733333333334,0.5034666666666666,0.5286222222222222,0.5542,0.4514666666666667,0.58252,,discovery_fit,,,43,,,,,,,0.5452957153320312,0.2763972124293798,0.7090681683813997,0.050120945541116436,0.43376199764144846,0.3197333333333334,0.30666666666666664,0.29866666666666664,0.35573333333333335,0.27645333333333333,3.2315989469998385,2.992814126000212
,,99,99,,scale_1500,1500,,,,,0.038711641000190866,0.9793333333333333,0.10027303314981571,0.6000865113376653,,,0.4530371983860297,0.7775954504464927,0.22240454955350727,0.516732799981434,0.25767782147306467,,0.5487048888888889,0.6122402074118446,,0.5201528888888889,,99,1.0,,0.19672429799993552,0.2853333333333333,0.09341819833908367,0.5886364045947513,,,0.5302,0.5585777777777777,0.5797333333333333,0.4736,0.6014133333333334,0.8232,0.8352888888888889,0.8528666666666667,0.8072,0.8589733333333334,0.5024,0.5283111111111111,0.5508666666666666,0.44226666666666664,0.57692,,discovery_fit,,,44,,,,,,,0.557152271270752,0.28096631121997045,0.7107853810746955,0.05905002310715015,0.43415900423159437,0.3208000000000001,0.3069777777777778,0.30200000000000005,0.3649333333333334,0.2820533333333334,3.2906811759999073,3.0552428930000133
,,98,98,,scale_1500,1500,,,,,0.04147622599975875,1.01,0.07681300748473176,0.5851945589820707,,,0.4480972740445909,0.7634899216961206,0.23651007830387927,0.516010016252826,0.26256085779818183,,0.55088,0.5987853609402016,,0.5223884444444444,,98,1.0,,0.18384911299972373,0.29733333333333334,0.07022774706969753,0.5734790352872642,,,0.5358666666666667,0.5613777777777778,0.5857555555555556,0.4636,0.6078,0.8232,0.8352888888888889,0.8528666666666667,0.8072,0.8589733333333334,0.5034666666666666,0.5304,0.5550222222222222,0.4392,0.5838533333333333,,discovery_fit,,,45,,,,,,,0.561024010181427,0.2730407005026985,0.7112637197472385,0.04239778781059529,0.42632063569599843,0.3197333333333334,0.3048888888888889,0.29784444444444447,0.36800000000000005,0.27512000000000003,3.2935876019996613,3.0682594989998506
,,98,98,,scale_1500,1500,,,,,0.04275697399998535,0.944,0.09992251835904914,0.6006449409787814,,,0.4494643581781044,0.747116516396948,0.2528834836030521,0.5156375161037172,0.2862836578510318,,0.5516017777777777,0.5958149621507803,,0.5225102222222222,,98,1.0,,0.19554900699995414,0.2693333333333333,0.09128545882401025,0.58829354182008,,,0.5354,0.5621333333333334,0.5851555555555555,0.4706666666666667,0.6046533333333334,0.8232,0.8352888888888889,0.8528666666666667,0.8072,0.8589733333333334,0.5046,0.5294222222222222,0.5551555555555555,0.4432,0.5801733333333333,,discovery_fit,,,46,,,,,,,0.5613179206848145,0.2742422230532421,0.7112079157093365,0.0540850502052127,0.43703549662906843,0.3186,0.3058666666666666,0.29771111111111115,0.36400000000000005,0.27880000000000005,3.2648127299999032,3.0265047360003337
,,177,177,,scale_3000,3000,,,,,0.08561822299998312,1.1046666666666667,0.043541803757028145,0.5401013500468799,,,0.4053505436290831,0.7492785269303472,0.25072147306965287,0.5388167767914048,0.3006360228080537,,0.5122142222222222,0.5456767228113472,,0.46984666666666663,,177,1.0,,1.0523104099997909,0.3363333333333333,0.03804321787407839,0.5290329098551607,,,0.49,0.5209111111111111,0.5518666666666666,0.4252,0.5730933333333333,0.7591333333333333,0.7782444444444444,0.7992444444444444,0.7267333333333333,0.8135266666666666,0.44733333333333336,0.4809777777777778,0.5104888888888889,0.38,0.5304333333333333,,discovery_fit,,,42,,,,,,,0.5742321014404297,0.1722074368353439,0.6706800507893476,0.030390206999923914,0.39295056976415244,0.31179999999999997,0.2972666666666666,0.28875555555555554,0.34673333333333334,0.2830933333333333,10.110750075999931,8.972781041999951
,,180,180,,scale_3000,3000,,,,,0.08464861799984646,1.0686666666666667,0.03869098777009793,0.5412658285188932,,,0.41590171808828746,0.764405768794073,0.23559423120592693,0.5293898952714811,0.2917868571701942,,0.5127733333333333,0.5682884778354754,,0.4691017777777778,,180,1.0,,1.0635063750000882,0.328,0.033308369826032795,0.5301937634413403,,,0.4911,0.5206888888888889,0.5511444444444444,0.43,0.5709333333333333,0.7591333333333333,0.7782444444444444,0.7992444444444444,0.7267333333333333,0.8135266666666666,0.448,0.4781111111111111,0.5081777777777777,0.38253333333333334,0.5286866666666666,,discovery_fit,,,43,,,,,,,0.56369948387146,0.17016103309506198,0.6722838570087271,0.022208439334615113,0.39144302708058376,0.3111333333333333,0.3001333333333333,0.2910666666666667,0.3442,0.28484,9.944021025999973,8.795780805999584
,,178,178,,scale_3000,3000,,,,,0.0851160020001771,1.059,0.04754759115442289,0.5478509733038074,,,0.4100088531514554,0.7565075235523077,0.24349247644769217,0.5349898298679429,0.29896650747604514,,0.5139422222222223,0.5635581240709646,,0.4701675555555555,,178,1.0,,0.9676664900002834,0.323,0.041902784454021985,0.537128849961446,,,0.49316666666666664,0.5232222222222223,0.5533555555555556,0.4288,0.5711666666666667,0.7591333333333333,0.7782444444444444,0.7992444444444444,0.7267333333333333,0.8135266666666666,0.44816666666666666,0.4804,0.5111777777777777,0.38226666666666664,0.5288266666666667,,discovery_fit,,,44,,,,,,,0.5519319176673889,0.18181802095175956,0.674436549777152,0.02579585192168483,0.3950347429795415,0.31096666666666667,0.2978444444444444,0.2880666666666667,0.3444666666666667,0.28469999999999995,9.798014622999744,8.745229597000161
,,179,179,,scale_3000,3000,,,,,0.09557593600038672,1.106,0.039075543030661394,0.5367919639750642,,,0.40314565995133916,0.7387548086137108,0.26124519138628916,0.5405739625011602,0.3148777633491112,,0.5171106666666667,0.543492619205433,,0.4729711111111111,,179,1.0,,0.978225656000177,0.33666666666666667,0.0325718356774815,0.5249539666737236,,,0.49746666666666667,0.5235777777777778,0.5557222222222222,0.4356,0.5731866666666666,0.7591333333333333,0.7782444444444444,0.7992444444444444,0.7267333333333333,0.8135266666666666,0.4543333333333333,0.4816666666666667,0.5127888888888888,0.3862,0.5298666666666667,,discovery_fit,,,45,,,,,,,0.5678982138633728,0.16993218498150187,0.6700655841614997,0.023937637274763602,0.3873256692364904,0.3048,0.2965777777777777,0.2864555555555556,0.34053333333333335,0.2836599999999999,10.172978164000142,9.09917399799997
,,182,182,,scale_3000,3000,,,,,0.08507183499978055,1.106,0.03491770076320084,0.5348414608342097,,,0.4131596743157734,0.749863670286167,0.2501363297138332,0.5301503431397617,0.3015373562947091,,0.5134395555555555,0.553349421294388,,0.46884133333333333,,182,1.0,,0.9427499799999168,0.339,0.029643446633181657,0.5238191212993606,,,0.49093333333333333,0.5232222222222223,0.5535222222222222,0.42733333333333334,0.5721866666666666,0.7591333333333333,0.7782444444444444,0.7992444444444444,0.7267333333333333,0.8135266666666666,0.44476666666666664,0.4796888888888889,0.5099111111111111,0.3808,0.52904,,discovery_fit,,,46,,,,,,,0.5782279968261719,0.16890194055022992,0.6717136173585306,0.022207191894736585,0.3881305765470462,0.3143666666666667,0.2985555555555555,0.28933333333333333,0.3459333333333333,0.28448666666666667,9.845787657000074,8.817963088000397
,0.0,54,54,,main_720,720,1,True,,0.0,,0.8652777777777778,0.19776352355051144,0.6595080284159921,,,0.496337633377507,0.7865034427480029,0.21349655725199707,0.48999172935929936,0.23672511570785335,,0.5877555555555556,0.6457579890173031,0.8568203703703704,0.5719018518518518,45,54,1.0,hdbscan_native,,0.24444444444444444,0.17783881108401906,0.6418942454666052,160,0.7305231420000382,0.5906944444444444,0.6094444444444445,0.6175,0.5363888888888889,0.58475,0.8556944444444444,0.8602777777777778,0.8679629629629629,0.8458333333333333,0.8543333333333333,0.5719444444444445,0.5868518518518518,0.6047685185185185,0.5186111111111111,0.5773333333333334,umap_hdbscan_native,,42,10.33856687799971,,0.4198796379982769,0.8006039224489617,0.4591406891454521,0.829324074074074,0.8130087859999549,5,0.56005859375,0.4129330327209262,0.7560223095397133,0.10484278358623388,0.4821036955070179,0.28374999999999995,0.27342592592592596,0.2631944444444444,0.3272222222222222,0.2769999999999999,9.525558091999756,
0.523905723905724,0.0,54,54,,main_720,720,1,True,0.6875,0.003252157000133593,,1.0458333333333334,0.12019930649137162,0.6210680598515972,,0.46837035154499945,0.43532133285761493,0.6675960580715494,0.3324039419284505,0.22217881775038653,0.23672511570785335,0.4625,0.5877555555555556,0.6457579890173031,0.8568203703703704,0.5719018518518518,45,54,1.0,pca_exact_knn,,0.3125,0.11273200445554485,0.6093057243258774,160,0.7305231420000382,0.5906944444444444,0.6094444444444445,0.6175,0.5363888888888889,0.58475,0.8556944444444444,0.8602777777777778,0.8679629629629629,0.8458333333333333,0.8543333333333333,0.5719444444444445,0.5868518518518518,0.6047685185185185,0.5186111111111111,0.5773333333333334,guarded_pca_hybrid,,42,10.475496923999799,,0.4198796379982769,0.8006039224489617,0.4591406891454521,0.829324074074074,0.8130087859999549,5,0.6118630766868591,0.4205245880759631,0.7357597858694664,0.06853923608764621,0.4558832441995817,0.28374999999999995,0.27342592592592596,0.2631944444444444,0.3272222222222222,0.2769999999999999,9.525558091999756,
0.5922705314009662,0.0468574169999556,46,46,0.8555555555555555,main_720,720,5,False,,0.0,,1.0916666666666666,0.12650447969682493,0.6220850098986722,0.8030555555555556,,0.40972592728041307,0.5681689199154827,0.4318310800845173,0.19531337229297074,0.2412553565405172,0.5117592592592592,0.5888092592592593,0.6621419707290174,0.8568203703703704,0.572325925925926,45,46,1.0,pca_exact_knn,,0.32916666666666666,0.11950894008563538,0.6106621146667589,160,0.7305231420000382,0.5911111111111111,0.6088888888888889,0.6232407407407408,0.5338888888888889,0.5869166666666666,0.8556944444444444,0.8602777777777778,0.8679629629629629,0.8458333333333333,0.8543333333333333,0.5691666666666667,0.5867592592592593,0.6112037037037037,0.5158333333333334,0.5786666666666667,five_seed_stable,,42,15.178235749999658,,0.4198796379982769,0.8006039224489617,0.4591406891454521,0.829324074074074,0.8130087859999549,5,0.6117932796478271,0.44003423577048745,0.7367640456341302,0.07492083030631337,0.4626680178772644,0.2865277777777777,0.2735185185185185,0.25675925925925924,0.32999999999999996,0.2756666666666666,14.200915148999684,
,0.0,95,95,,scale_1500,1500,1,True,,0.0,,1.0186666666666666,0.09087926092600118,0.5902945710865491,,,0.4445738476716098,0.7592351487620529,0.240764851237947,0.5265894178761564,0.2769012687234998,,0.5506391111111112,0.5953686802861787,0.8355057777777777,0.5231804444444444,44,95,1.0,hdbscan_native,,0.2946666666666667,0.08252353043223963,0.5776825828851668,192,2.045178042000316,0.533,0.5607555555555556,0.5789333333333333,0.4776,0.6029066666666667,0.8232,0.8352888888888889,0.8528666666666667,0.8072,0.8589733333333334,0.5057333333333334,0.5287555555555555,0.5525333333333333,0.45066666666666666,0.5782133333333334,umap_hdbscan_native,,42,5.572865074999754,,0.34201894133175165,0.7574937350541203,0.4405563853843562,0.7723955555555555,2.2506860530002086,5,0.5697927474975586,0.3038809054177677,0.7179720078989684,0.04539786944692609,0.4243963548883306,0.3174666666666667,0.3065333333333333,0.30033333333333334,0.35653333333333337,0.28076,3.3221790219995455,
0.5409801876955161,0.0,95,95,,scale_1500,1500,1,True,0.6393333333333333,0.006977637000090908,,1.1853333333333333,0.060194561713315616,0.5596885524189942,,0.4381104415509586,0.4182702520971199,0.6187966712926254,0.38120332870737467,0.17586967639392206,0.2769012687234998,0.4649777777777778,0.5506391111111112,0.5953686802861787,0.8355057777777777,0.5231804444444444,44,95,0.9993333333333333,pca_exact_knn,,0.3606666666666667,0.05224392386012031,0.5467455870884886,192,2.045178042000316,0.533,0.5607555555555556,0.5789333333333333,0.4776,0.6029066666666667,0.8232,0.8352888888888889,0.8528666666666667,0.8072,0.8589733333333334,0.5057333333333334,0.5287555555555555,0.5525333333333333,0.45066666666666666,0.5782133333333334,guarded_pca_hybrid,,42,6.049189220999779,,0.34201894133175165,0.7574937350541203,0.4405563853843562,0.7723955555555555,2.2506860530002086,5,0.6073570251464844,0.3059839851285652,0.6953423952486848,0.03682749757967413,0.4078033491436602,0.3174666666666667,0.3065333333333333,0.30033333333333334,0.35653333333333337,0.28076,3.3221790219995455,
0.5709776751347191,0.20935252599974774,88,88,0.8046666666666666,scale_1500,1500,5,False,,0.0,,1.3586666666666667,0.048194848497105106,0.5343323552300725,0.7726666666666666,,0.35804912690425794,0.4900043469749738,0.5099956530250263,0.15370148933341019,0.25767782147306467,0.46386666666666665,0.5487048888888889,0.6122402074118446,0.8355057777777777,0.5201528888888889,44,88,0.9973333333333333,pca_exact_knn,,0.4226666666666667,0.04243165188745739,0.5230415260975403,192,2.045178042000316,0.5302,0.5585777777777777,0.5797333333333333,0.4736,0.6014133333333334,0.8232,0.8352888888888889,0.8528666666666667,0.8072,0.8589733333333334,0.5024,0.5283111111111111,0.5508666666666666,0.44226666666666664,0.57692,five_seed_stable,,42,19.453762059999008,,0.34201894133175165,0.7574937350541203,0.4405563853843562,0.7723955555555555,2.2506860530002086,5,0.6523536443710327,0.307249401712567,0.6891238420490332,0.039893844810346905,0.39472009981907596,0.3208000000000001,0.3069777777777778,0.30200000000000005,0.3649333333333334,0.2820533333333334,16.55173607299912,
,0.0,177,177,,scale_3000,3000,1,True,,0.0,,1.1046666666666667,0.043541803757028145,0.5401013500468799,,,0.4053505436290831,0.7492785269303472,0.25072147306965287,0.5388167767914048,0.3006360228080537,,0.5122142222222222,0.5456767228113472,0.7753764444444445,0.46984666666666663,45,177,1.0,hdbscan_native,,0.3363333333333333,0.03804321787407839,0.5290329098551607,160,6.019685652000135,0.49,0.5209111111111111,0.5518666666666666,0.4252,0.5730933333333333,0.7591333333333333,0.7782444444444444,0.7992444444444444,0.7267333333333333,0.8135266666666666,0.44733333333333336,0.4809777777777778,0.5104888888888889,0.38,0.5304333333333333,umap_hdbscan_native,,42,16.913165855000443,,0.3023387144395684,0.7176014505254877,0.43927658769894995,0.731111111111111,6.698921642000187,5,0.5742321014404297,0.1722074368353439,0.6706800507893476,0.030390206999923914,0.39295056976415244,0.31179999999999997,0.2972666666666666,0.28875555555555554,0.34673333333333334,0.2830933333333333,10.214244213000256,
0.5092799686089857,0.0,177,177,,scale_3000,3000,1,True,0.5663333333333334,0.013081129999591212,,1.3653333333333333,0.01891780806468765,0.49277941531774894,,0.3890600413782749,0.3771464646046153,0.5681814768496309,0.4318185231503691,0.15693838714020922,0.3006360228080537,0.44184444444444443,0.5122142222222222,0.5456767228113472,0.7753764444444445,0.46984666666666663,45,177,0.9996666666666667,pca_exact_knn,,0.43366666666666664,0.01707965905265555,0.4842842362192131,160,6.019685652000135,0.49,0.5209111111111111,0.5518666666666666,0.4252,0.5730933333333333,0.7591333333333333,0.7782444444444444,0.7992444444444444,0.7267333333333333,0.8135266666666666,0.44733333333333336,0.4809777777777778,0.5104888888888889,0.38,0.5304333333333333,guarded_pca_hybrid,,42,18.59057369500033,,0.3023387144395684,0.7176014505254877,0.43927658769894995,0.731111111111111,6.698921642000187,5,0.6239233016967773,0.18665923616369146,0.6600866400583355,0.014438192858773975,0.36465251172239604,0.31179999999999997,0.2972666666666666,0.28875555555555554,0.34673333333333334,0.2830933333333333,10.214244213000256,
0.5521907216494846,0.8061238080003932,162,162,0.789,scale_3000,3000,5,False,,0.0,,1.5113333333333334,0.018544630679195446,0.4733435916492644,0.7518666666666668,,0.3062431304278433,0.42124374123161895,0.578756258768381,0.13337429670079393,0.3148777633491112,0.4334222222222222,0.5171106666666667,0.543492619205433,0.7753764444444445,0.4729711111111111,45,162,0.9983333333333333,pca_exact_knn,,0.4826666666666667,0.012226505251841305,0.4619288690333728,160,6.019685652000135,0.49746666666666667,0.5235777777777778,0.5557222222222222,0.4356,0.5731866666666666,0.7591333333333333,0.7782444444444444,0.7992444444444444,0.7267333333333333,0.8135266666666666,0.4543333333333333,0.4816666666666667,0.5127888888888888,0.3862,0.5298666666666667,five_seed_stable,,42,59.24180198900012,,0.3023387144395684,0.7176014505254877,0.43927658769894995,0.731111111111111,6.698921642000187,5,0.676972508430481,0.1979925378796187,0.6621992432101232,0.015190106197330766,0.35052995446166546,0.3048,0.2965777777777777,0.2864555555555556,0.34053333333333335,0.2836599999999999,50.21364591199972,
