tag,id,cluster
World,0,2
World,1,2
World,2,2
World,3,2
World,4,2
World,5,2
World,6,2
World,7,2
World,8,2
World,9,2
World,10,2
World,11,2
World,12,2
World,13,2
World,14,2
World,15,2
World,16,2
World,17,2
World,18,2
World,19,2
World,20,2
World,21,2
World,22,2
World,23,2
World,24,2
World,25,2
World,26,2
World,27,0
World,28,0
World,29,2
World,30,0
World,31,2
World,32,2
World,33,2
World,34,2
World,35,2
World,36,2
World,37,0
World,38,2
World,39,2
World,40,0
World,41,2
World,42,2
World,43,2
World,44,2
World,45,2
World,46,0
World,47,0
World,48,2
World,49,2
World,50,2
World,51,2
World,52,2
World,53,2
World,54,2
World,55,2
World,56,2
World,57,2
World,58,0
World,59,2
World,60,2
World,61,2
World,62,2
World,63,2
World,64,2
World,65,2
World,66,0
World,67,0
World,68,2
World,69,2
World,70,2
World,71,2
World,72,0
World,73,2
World,74,0
World,75,2
World,76,2
World,77,2
World,78,2
World,79,2
World,80,2
World,81,2
World,82,2
World,83,2
World,84,2
World,85,2
World,86,2
World,87,0
World,88,0
World,89,2
World,90,2
World,91,2
World,92,2
World,93,0
World,94,2
World,95,2
World,96,0
World,97,0
World,98,2
World,99,2
World,100,2
World,101,2
World,102,0
World,103,2
World,104,2
World,105,2
World,106,2
World,107,2
World,108,0
World,109,2
World,110,2
World,111,2
World,112,0
World,113,2
World,114,2
World,115,2
World,116,2
World,117,2
World,118,2
World,119,2
World,120,2
World,121,0
World,122,2
World,123,2
World,124,2
World,125,0
World,126,2
World,127,2
World,128,2
World,129,2
World,130,2
World,131,2
World,132,2
World,133,0
World,134,0
World,135,2
World,136,2
World,137,0
World,138,2
World,139,2
World,140,2
World,141,2
World,142,2
World,143,2
World,144,2
World,145,2
World,146,2
World,147,0
World,148,2
World,149,0
World,150,2
World,151,0
World,152,0
World,153,2
World,154,2
World,155,2
World,156,2
World,157,2
World,158,2
World,159,2
World,160,2
World,161,2
World,162,0
World,163,2
World,164,2
World,165,2
World,166,0
World,167,0
World,168,2
World,169,2
World,170,2
World,171,0
World,172,2
World,173,2
World,174,2
World,175,2
World,176,2
World,177,0
World,178,2
World,179,0
World,180,2
World,181,2
World,182,2
World,183,2
World,184,0
World,185,2
World,186,2
World,187,2
World,188,2
World,189,2
World,190,2
World,191,2
World,192,2
World,193,0
World,194,2
World,195,2
World,196,2
World,197,2
World,198,0
World,199,2
World,200,2
World,201,2
World,202,2
World,203,2
World,204,2
World,205,2
World,206,0
World,207,2
World,208,2
World,209,2
World,210,2
World,211,2
World,212,2
World,213,2
World,214,2
World,215,2
World,216,2
World,217,2
World,218,2
World,219,0
World,220,2
World,221,2
World,222,2
World,223,2
World,224,2
World,225,2
World,226,0
World,227,2
World,228,0
World,229,0
World,230,2
World,231,2
World,232,2
World,233,2
World,234,2
World,235,2
World,236,2
World,237,2
World,238,0
World,239,2
World,240,0
World,241,2
World,242,2
World,243,2
World,244,2
World,245,0
World,246,2
World,247,2
World,248,2
World,249,2
World,250,0
World,251,0
World,252,2
World,253,0
World,254,2
World,255,2
World,256,0
World,257,2
World,258,2
World,259,2
World,260,2
World,261,0
World,262,2
World,263,2
World,264,2
World,265,2
World,266,2
World,267,2
World,268,2
World,269,2
World,270,2
World,271,2
World,272,2
World,273,0
World,274,2
World,275,2
World,276,2
World,277,2
World,278,2
World,279,2
World,280,2
World,281,2
World,282,2
World,283,2
World,284,2
World,285,2
World,286,0
World,287,0
World,288,2
World,289,2
World,290,0
World,291,2
World,292,2
World,293,0
World,294,2
World,295,2
World,296,2
World,297,2
World,298,2
World,299,2
World,300,2
World,301,2
World,302,2
World,303,2
World,304,2
World,305,2
World,306,0
World,307,2
World,308,2
World,309,0
World,310,2
World,311,2
World,312,2
World,313,0
World,314,2
World,315,2
World,316,2
World,317,0
World,318,0
World,319,2
World,320,0
World,321,2
World,322,2
World,323,2
World,324,2
World,325,2
World,326,2
World,327,2
World,328,2
World,329,2
World,330,2
World,331,2
World,332,2
World,333,0
World,334,2
World,335,2
World,336,2
World,337,0
World,338,2
World,339,2
World,340,2
World,341,2
World,342,2
World,343,2
World,344,2
World,345,2
World,346,2
World,347,2
World,348,2
World,349,2
World,350,2
World,351,2
World,352,2
World,353,2
World,354,2
World,355,2
World,356,2
World,357,0
World,358,2
World,359,2
World,360,0
World,361,2
World,362,0
World,363,2
World,364,2
World,365,2
World,366,2
World,367,2
World,368,2
World,369,2
World,370,2
World,371,2
World,372,2
World,373,2
World,374,2
World,375,0
World,376,2
World,377,2
World,378,0
World,379,2
World,380,0
World,381,0
World,382,2
World,383,2
World,384,2
World,385,2
World,386,2
World,387,2
World,388,0
World,389,2
World,390,0
World,391,2
World,392,2
World,393,2
World,394,2
World,395,2
World,396,2
World,397,2
World,398,2
World,399,2
World,400,2
World,401,0
World,402,2
World,403,2
World,404,0
World,405,0
World,406,2
World,407,2
World,408,2
World,409,0
World,410,2
World,411,2
World,412,2
World,413,2
World,414,2
World,415,0
World,416,2
World,417,2
World,418,2
World,419,0
World,420,2
World,421,2
World,422,2
World,423,2
World,424,2
World,425,2
World,426,0
World,427,2
World,428,0
World,429,2
World,430,2
World,431,2
World,432,2
World,433,2
World,434,2
World,435,2
World,436,2
World,437,2
World,438,2
World,439,2
World,440,0
World,441,2
World,442,2
World,443,2
World,444,2
World,445,0
World,446,2
World,447,2
World,448,2
World,449,2
World,450,2
World,451,0
World,452,2
World,453,2
World,454,2
World,455,2
World,456,0
World,457,2
World,458,2
World,459,2
World,460,2
World,461,0
World,462,2
World,463,0
World,464,0
World,465,0
World,466,2
World,467,2
World,468,2
World,469,2
World,470,2
World,471,2
World,472,2
World,473,2
World,474,2
World,475,0
World,476,2
World,477,0
World,478,2
World,479,2
World,480,2
World,481,2
World,482,2
World,483,0
World,484,2
World,485,2
World,486,2
World,487,2
World,488,2
World,489,2
World,490,2
World,491,2
World,492,2
World,493,2
World,494,0
World,495,2
World,496,2
World,497,2
World,498,2
World,499,2
World,500,2
World,501,2
World,502,2
World,503,2
World,504,2
World,505,2
World,506,2
World,507,2
World,508,2
World,509,2
World,510,2
World,511,2
World,512,0
World,513,2
World,514,2
World,515,2
World,516,2
World,517,2
World,518,2
World,519,2
World,520,2
World,521,0
World,522,0
World,523,0
World,524,0
World,525,2
World,526,2
World,527,2
World,528,2
World,529,0
World,530,2
World,531,2
World,532,2
World,533,2
World,534,2
World,535,0
World,536,2
World,537,2
World,538,2
World,539,2
World,540,2
World,541,2
World,542,2
World,543,2
World,544,0
World,545,2
World,546,2
World,547,2
World,548,2
World,549,2
World,550,2
World,551,2
World,552,2
World,553,0
World,554,2
World,555,0
World,556,2
World,557,2
World,558,2
World,559,2
World,560,2
World,561,2
World,562,2
World,563,2
World,564,2
World,565,0
World,566,2
World,567,2
World,568,2
World,569,2
World,570,2
World,571,0
World,572,2
World,573,2
World,574,0
World,575,2
World,576,2
World,577,2
World,578,2
World,579,0
World,580,2
World,581,2
World,582,0
World,583,2
World,584,2
World,585,2
World,586,2
World,587,2
World,588,2
World,589,2
World,590,2
World,591,2
World,592,0
World,593,2
World,594,2
World,595,0
World,596,2
World,597,0
World,598,2
World,599,2
World,600,2
World,601,2
World,602,2
World,603,2
World,604,2
World,605,2
World,606,2
World,607,2
World,608,2
World,609,2
World,610,2
World,611,2
World,612,0
World,613,2
World,614,2
World,615,2
World,616,2
World,617,0
World,618,2
World,619,0
World,620,2
World,621,2
World,622,2
World,623,2
World,624,2
World,625,2
World,626,0
World,627,2
World,628,2
World,629,2
World,630,2
World,631,2
World,632,2
World,633,0
World,634,2
World,635,2
World,636,2
World,637,2
World,638,2
World,639,2
World,640,2
World,641,2
World,642,2
World,643,2
World,644,2
World,645,0
World,646,2
World,647,2
World,648,2
World,649,2
World,650,2
World,651,0
World,652,0
World,653,2
World,654,2
World,655,2
World,656,0
World,657,0
World,658,0
World,659,2
World,660,2
World,661,0
World,662,0
World,663,2
World,664,2
World,665,2
World,666,2
World,667,0
World,668,2
World,669,2
World,670,2
World,671,2
World,672,2
World,673,2
World,674,2
World,675,2
World,676,2
World,677,2
World,678,2
World,679,2
World,680,2
World,681,2
World,682,2
World,683,0
World,684,2
World,685,2
World,686,2
World,687,2
World,688,0
World,689,2
World,690,2
World,691,2
World,692,2
World,693,2
World,694,2
World,695,2
World,696,2
World,697,2
World,698,2
World,699,2
World,700,0
World,701,2
World,702,0
World,703,2
World,704,2
World,705,2
World,706,2
World,707,2
World,708,2
World,709,2
World,710,2
World,711,2
World,712,2
World,713,0
World,714,0
World,715,2
World,716,2
World,717,2
World,718,2
World,719,2
World,720,0
World,721,0
World,722,2
World,723,2
World,724,2
World,725,2
World,726,2
World,727,0
World,728,2
World,729,2
World,730,2
World,731,2
World,732,2
World,733,2
World,734,0
World,735,2
World,736,2
World,737,2
World,738,0
World,739,2
World,740,2
World,741,2
World,742,2
World,743,2
World,744,2
World,745,2
World,746,2
World,747,2
World,748,2
World,749,0
World,750,2
World,751,2
World,752,2
World,753,2
World,754,2
World,755,2
World,756,2
World,757,2
World,758,2
World,759,2
World,760,2
World,761,2
World,762,0
World,763,2
World,764,2
World,765,0
World,766,2
World,767,0
World,768,2
World,769,2
World,770,2
World,771,2
World,772,2
World,773,2
World,774,2
World,775,2
World,776,2
World,777,2
World,778,2
World,779,2
World,780,2
World,781,2
World,782,2
World,783,2
World,784,2
World,785,2
World,786,2
World,787,0
World,788,2
World,789,2
World,790,2
World,791,0
World,792,2
World,793,2
World,794,2
World,795,2
World,796,2
World,797,2
World,798,0
World,799,2
World,800,2
World,801,2
World,802,2
World,803,2
World,804,0
World,805,2
World,806,2
World,807,2
World,808,2
World,809,0
World,810,2
World,811,2
World,812,2
World,813,2
World,814,0
World,815,2
World,816,2
World,817,2
World,818,2
World,819,2
World,820,2
World,821,2
World,822,2
World,823,2
World,824,2
World,825,2
World,826,2
World,827,2
World,828,2
World,829,2
World,830,2
World,831,2
World,832,2
World,833,2
World,834,0
World,835,2
World,836,2
World,837,2
World,838,2
World,839,2
World,840,2
World,841,2
World,842,2
World,843,2
World,844,2
World,845,2
World,846,2
World,847,2
World,848,2
World,849,0
World,850,2
World,851,2
World,852,2
World,853,2
World,854,2
World,855,2
World,856,2
World,857,2
World,858,2
World,859,2
World,860,2
World,861,2
World,862,2
World,863,2
World,864,0
World,865,2
World,866,0
World,867,2
World,868,0
World,869,0
World,870,0
World,871,2
World,872,2
World,873,0
World,874,2
World,875,2
World,876,2
World,877,2
World,878,2
World,879,0
World,880,0
World,881,2
World,882,2
World,883,2
World,884,2
World,885,2
World,886,2
World,887,2
World,888,0
World,889,0
World,890,2
World,891,2
World,892,0
World,893,2
World,894,2
World,895,2
World,896,2
World,897,2
World,898,2
World,899,2
World,900,2
World,901,2
World,902,2
World,903,2
World,904,0
World,905,2
World,906,2
World,907,2
World,908,0
World,909,2
World,910,2
World,911,0
World,912,0
World,913,2
World,914,2
World,915,2
World,916,2
World,917,2
World,918,2
World,919,0
World,920,2
World,921,2
World,922,2
World,923,2
World,924,2
World,925,2
World,926,2
World,927,2
World,928,0
World,929,2
World,930,2
World,931,2
World,932,0
World,933,2
World,934,2
World,935,2
World,936,0
World,937,2
World,938,2
World,939,2
World,940,2
World,941,2
World,942,0
World,943,2
World,944,2
World,945,2
World,946,0
World,947,2
World,948,2
World,949,2
World,950,2
World,951,2
World,952,2
World,953,2
World,954,2
World,955,2
World,956,2
World,957,2
World,958,2
World,959,2
World,960,2
World,961,2
World,962,2
World,963,2
World,964,2
World,965,2
World,966,2
World,967,2
World,968,2
World,969,2
World,970,2
World,971,2
World,972,2
World,973,2
World,974,2
World,975,2
World,976,2
World,977,2
World,978,2
World,979,2
World,980,2
World,981,2
World,982,2
World,983,2
World,984,2
World,985,0
World,986,2
World,987,2
World,988,2
World,989,2
World,990,2
World,991,2
World,992,2
World,993,2
World,994,2
World,995,2
World,996,2
World,997,2
World,998,2
World,999,2
Sports,1000,0
Sports,1001,0
Sports,1002,0
Sports,1003,0
Sports,1004,0
Sports,1005,0
Sports,1006,0
Sports,1007,0
Sports,1008,0
Sports,1009,0
Sports,1010,0
Sports,1011,0
Sports,1012,0
Sports,1013,0
Sports,1014,0
Sports,1015,0
Sports,1016,3
Sports,1017,0
Sports,1018,0
Sports,1019,0
Sports,1020,0
Sports,1021,0
Sports,1022,0
Sports,1023,0
Sports,1024,0
Sports,1025,0
Sports,1026,0
Sports,1027,0
Sports,1028,0
Sports,1029,0
Sports,1030,0
Sports,1031,0
Sports,1032,0
Sports,1033,0
Sports,1034,0
Sports,1035,0
Sports,1036,0
Sports,1037,0
Sports,1038,0
Sports,1039,0
Sports,1040,0
Sports,1041,0
Sports,1042,0
Sports,1043,0
Sports,1044,0
Sports,1045,0
Sports,1046,0
Sports,1047,0
Sports,1048,0
Sports,1049,0
Sports,1050,0
Sports,1051,0
Sports,1052,0
Sports,1053,0
Sports,1054,0
Sports,1055,0
Sports,1056,0
Sports,1057,0
Sports,1058,0
Sports,1059,0
Sports,1060,0
Sports,1061,0
Sports,1062,0
Sports,1063,0
Sports,1064,0
Sports,1065,0
Sports,1066,0
Sports,1067,0
Sports,1068,0
Sports,1069,0
Sports,1070,0
Sports,1071,0
Sports,1072,0
Sports,1073,0
Sports,1074,0
Sports,1075,0
Sports,1076,0
Sports,1077,0
Sports,1078,0
Sports,1079,0
Sports,1080,0
Sports,1081,0
Sports,1082,0
Sports,1083,0
Sports,1084,0
Sports,1085,0
Sports,1086,0
Sports,1087,0
Sports,1088,0
Sports,1089,0
Sports,1090,0
Sports,1091,0
Sports,1092,0
Sports,1093,0
Sports,1094,0
Sports,1095,0
Sports,1096,0
Sports,1097,0
Sports,1098,0
Sports,1099,0
Sports,1100,0
Sports,1101,0
Sports,1102,0
Sports,1103,0
Sports,1104,0
Sports,1105,0
Sports,1106,0
Sports,1107,0
Sports,1108,0
Sports,1109,0
Sports,1110,0
Sports,1111,0
Sports,1112,0
Sports,1113,0
Sports,1114,0
Sports,1115,0
Sports,1116,0
Sports,1117,0
Sports,1118,0
Sports,1119,0
Sports,1120,0
Sports,1121,0
Sports,1122,0
Sports,1123,0
Sports,1124,0
Sports,1125,0
Sports,1126,0
Sports,1127,0
Sports,1128,0
Sports,1129,0
Sports,1130,0
Sports,1131,0
Sports,1132,0
Sports,1133,0
Sports,1134,0
Sports,1135,0
Sports,1136,0
Sports,1137,0
Sports,1138,0
Sports,1139,0
Sports,1140,0
Sports,1141,0
Sports,1142,0
Sports,1143,0
Sports,1144,0
Sports,1145,0
Sports,1146,0
Sports,1147,0
Sports,1148,0
Sports,1149,0
Sports,1150,0
Sports,1151,0
Sports,1152,0
Sports,1153,0
Sports,1154,0
Sports,1155,0
Sports,1156,0
Sports,1157,0
Sports,1158,0
Sports,1159,0
Sports,1160,0
Sports,1161,0
Sports,1162,0
Sports,1163,0
Sports,1164,0
Sports,1165,0
Sports,1166,0
Sports,1167,0
Sports,1168,0
Sports,1169,0
Sports,1170,0
Sports,1171,3
Sports,1172,0
Sports,1173,0
Sports,1174,0
Sports,1175,0
Sports,1176,0
Sports,1177,0
Sports,1178,0
Sports,1179,0
Sports,1180,0
Sports,1181,0
Sports,1182,0
Sports,1183,0
Sports,1184,0
Sports,1185,0
Sports,1186,0
Sports,1187,0
Sports,1188,0
Sports,1189,0
Sports,1190,0
Sports,1191,0
Sports,1192,0
Sports,1193,0
Sports,1194,0
Sports,1195,2
Sports,1196,0
Sports,1197,0
Sports,1198,0
Sports,1199,0
Sports,1200,0
Sports,1201,0
Sports,1202,0
Sports,1203,0
Sports,1204,0
Sports,1205,0
Sports,1206,0
Sports,1207,0
Sports,1208,0
Sports,1209,0
Sports,1210,0
Sports,1211,0
Sports,1212,0
Sports,1213,0
Sports,1214,0
Sports,1215,0
Sports,1216,0
Sports,1217,0
Sports,1218,0
Sports,1219,0
Sports,1220,0
Sports,1221,0
Sports,1222,0
Sports,1223,0
Sports,1224,0
Sports,1225,0
Sports,1226,0
Sports,1227,0
Sports,1228,0
Sports,1229,0
Sports,1230,0
Sports,1231,0
Sports,1232,0
Sports,1233,0
Sports,1234,0
Sports,1235,0
Sports,1236,0
Sports,1237,0
Sports,1238,0
Sports,1239,0
Sports,1240,0
Sports,1241,0
Sports,1242,0
Sports,1243,0
Sports,1244,0
Sports,1245,0
Sports,1246,0
Sports,1247,0
Sports,1248,0
Sports,1249,0
Sports,1250,0
Sports,1251,0
Sports,1252,0
Sports,1253,0
Sports,1254,0
Sports,1255,0
Sports,1256,0
Sports,1257,0
Sports,1258,0
Sports,1259,0
Sports,1260,0
Sports,1261,0
Sports,1262,0
Sports,1263,0
Sports,1264,0
Sports,1265,2
Sports,1266,0
Sports,1267,0
Sports,1268,0
Sports,1269,0
Sports,1270,0
Sports,1271,0
Sports,1272,0
Sports,1273,0
Sports,1274,0
Sports,1275,0
Sports,1276,0
Sports,1277,0
Sports,1278,0
Sports,1279,0
Sports,1280,0
Sports,1281,0
Sports,1282,0
Sports,1283,0
Sports,1284,0
Sports,1285,0
Sports,1286,0
Sports,1287,0
Sports,1288,0
Sports,1289,0
Sports,1290,0
Sports,1291,0
Sports,1292,0
Sports,1293,0
Sports,1294,0
Sports,1295,0
Sports,1296,0
Sports,1297,0
Sports,1298,0
Sports,1299,0
Sports,1300,0
Sports,1301,0
Sports,1302,0
Sports,1303,0
Sports,1304,0
Sports,1305,0
Sports,1306,0
Sports,1307,0
Sports,1308,0
Sports,1309,0
Sports,1310,0
Sports,1311,0
Sports,1312,0
Sports,1313,0
Sports,1314,0
Sports,1315,0
Sports,1316,3
Sports,1317,0
Sports,1318,0
Sports,1319,0
Sports,1320,0
Sports,1321,0
Sports,1322,0
Sports,1323,0
Sports,1324,0
Sports,1325,0
Sports,1326,0
Sports,1327,0
Sports,1328,0
Sports,1329,0
Sports,1330,0
Sports,1331,0
Sports,1332,0
Sports,1333,0
Sports,1334,0
Sports,1335,0
Sports,1336,0
Sports,1337,0
Sports,1338,0
Sports,1339,0
Sports,1340,0
Sports,1341,0
Sports,1342,0
Sports,1343,0
Sports,1344,0
Sports,1345,0
Sports,1346,0
Sports,1347,0
Sports,1348,0
Sports,1349,0
Sports,1350,0
Sports,1351,0
Sports,1352,0
Sports,1353,0
Sports,1354,0
Sports,1355,0
Sports,1356,0
Sports,1357,0
Sports,1358,0
Sports,1359,0
Sports,1360,0
Sports,1361,0
Sports,1362,0
Sports,1363,0
Sports,1364,0
Sports,1365,0
Sports,1366,0
Sports,1367,0
Sports,1368,0
Sports,1369,0
Sports,1370,0
Sports,1371,0
Sports,1372,0
Sports,1373,0
Sports,1374,0
Sports,1375,0
Sports,1376,0
Sports,1377,0
Sports,1378,0
Sports,1379,0
Sports,1380,0
Sports,1381,0
Sports,1382,0
Sports,1383,0
Sports,1384,0
Sports,1385,0
Sports,1386,0
Sports,1387,0
Sports,1388,0
Sports,1389,0
Sports,1390,0
Sports,1391,0
Sports,1392,2
Sports,1393,0
Sports,1394,0
Sports,1395,0
Sports,1396,0
Sports,1397,0
Sports,1398,0
Sports,1399,0
Sports,1400,0
Sports,1401,0
Sports,1402,0
Sports,1403,0
Sports,1404,0
Sports,1405,0
Sports,1406,0
Sports,1407,0
Sports,1408,0
Sports,1409,0
Sports,1410,0
Sports,1411,0
Sports,1412,0
Sports,1413,0
Sports,1414,0
Sports,1415,0
Sports,1416,0
Sports,1417,0
Sports,1418,0
Sports,1419,0
Sports,1420,0
Sports,1421,0
Sports,1422,0
Sports,1423,0
Sports,1424,0
Sports,1425,0
Sports,1426,0
Sports,1427,0
Sports,1428,0
Sports,1429,0
Sports,1430,0
Sports,1431,0
Sports,1432,0
Sports,1433,0
Sports,1434,0
Sports,1435,0
Sports,1436,0
Sports,1437,0
Sports,1438,0
Sports,1439,0
Sports,1440,0
Sports,1441,0
Sports,1442,0
Sports,1443,0
Sports,1444,0
Sports,1445,0
Sports,1446,0
Sports,1447,0
Sports,1448,0
Sports,1449,0
Sports,1450,0
Sports,1451,0
Sports,1452,0
Sports,1453,0
Sports,1454,0
Sports,1455,0
Sports,1456,0
Sports,1457,0
Sports,1458,0
Sports,1459,0
Sports,1460,0
Sports,1461,0
Sports,1462,0
Sports,1463,0
Sports,1464,0
Sports,1465,0
Sports,1466,0
Sports,1467,0
Sports,1468,0
Sports,1469,0
Sports,1470,0
Sports,1471,0
Sports,1472,0
Sports,1473,0
Sports,1474,0
Sports,1475,0
Sports,1476,0
Sports,1477,0
Sports,1478,0
Sports,1479,0
Sports,1480,0
Sports,1481,0
Sports,1482,0
Sports,1483,0
Sports,1484,0
Sports,1485,0
Sports,1486,0
Sports,1487,0
Sports,1488,0
Sports,1489,0
Sports,1490,0
Sports,1491,0
Sports,1492,0
Sports,1493,0
Sports,1494,0
Sports,1495,0
Sports,1496,0
Sports,1497,0
Sports,1498,0
Sports,1499,0
Sports,1500,0
Sports,1501,0
Sports,1502,0
Sports,1503,0
Sports,1504,0
Sports,1505,0
Sports,1506,0
Sports,1507,0
Sports,1508,0
Sports,1509,0
Sports,1510,0
Sports,1511,0
Sports,1512,0
Sports,1513,0
Sports,1514,0
Sports,1515,0
Sports,1516,0
Sports,1517,0
Sports,1518,0
Sports,1519,0
Sports,1520,0
Sports,1521,0
Sports,1522,0
Sports,1523,0
Sports,1524,0
Sports,1525,0
Sports,1526,0
Sports,1527,0
Sports,1528,0
Sports,1529,0
Sports,1530,0
Sports,1531,0
Sports,1532,0
Sports,1533,0
Sports,1534,0
Sports,1535,0
Sports,1536,0
Sports,1537,0
Sports,1538,0
Sports,1539,0
Sports,1540,2
Sports,1541,0
Sports,1542,0
Sports,1543,0
Sports,1544,0
Sports,1545,0
Sports,1546,0
Sports,1547,0
Sports,1548,0
Sports,1549,0
Sports,1550,0
Sports,1551,0
Sports,1552,0
Sports,1553,2
Sports,1554,0
Sports,1555,0
Sports,1556,0
Sports,1557,0
Sports,1558,0
Sports,1559,0
Sports,1560,0
Sports,1561,0
Sports,1562,0
Sports,1563,0
Sports,1564,0
Sports,1565,0
Sports,1566,2
Sports,1567,0
Sports,1568,0
Sports,1569,0
Sports,1570,0
Sports,1571,0
Sports,1572,0
Sports,1573,0
Sports,1574,0
Sports,1575,0
Sports,1576,0
Sports,1577,0
Sports,1578,0
Sports,1579,0
Sports,1580,0
Sports,1581,0
Sports,1582,0
Sports,1583,0
Sports,1584,0
Sports,1585,0
Sports,1586,0
Sports,1587,0
Sports,1588,0
Sports,1589,0
Sports,1590,0
Sports,1591,0
Sports,1592,0
Sports,1593,0
Sports,1594,0
Sports,1595,0
Sports,1596,0
Sports,1597,0
Sports,1598,0
Sports,1599,0
Sports,1600,0
Sports,1601,0
Sports,1602,0
Sports,1603,2
Sports,1604,0
Sports,1605,0
Sports,1606,0
Sports,1607,0
Sports,1608,2
Sports,1609,0
Sports,1610,0
Sports,1611,0
Sports,1612,0
Sports,1613,0
Sports,1614,0
Sports,1615,0
Sports,1616,0
Sports,1617,0
Sports,1618,2
Sports,1619,0
Sports,1620,0
Sports,1621,0
Sports,1622,0
Sports,1623,0
Sports,1624,0
Sports,1625,0
Sports,1626,0
Sports,1627,0
Sports,1628,0
Sports,1629,0
Sports,1630,0
Sports,1631,0
Sports,1632,0
Sports,1633,0
Sports,1634,0
Sports,1635,0
Sports,1636,0
Sports,1637,0
Sports,1638,0
Sports,1639,2
Sports,1640,0
Sports,1641,0
Sports,1642,0
Sports,1643,0
Sports,1644,0
Sports,1645,0
Sports,1646,0
Sports,1647,0
Sports,1648,0
Sports,1649,0
Sports,1650,0
Sports,1651,0
Sports,1652,0
Sports,1653,0
Sports,1654,0
Sports,1655,0
Sports,1656,0
Sports,1657,0
Sports,1658,0
Sports,1659,0
Sports,1660,0
Sports,1661,0
Sports,1662,0
Sports,1663,0
Sports,1664,0
Sports,1665,0
Sports,1666,0
Sports,1667,0
Sports,1668,0
Sports,1669,0
Sports,1670,0
Sports,1671,0
Sports,1672,0
Sports,1673,0
Sports,1674,0
Sports,1675,0
Sports,1676,0
Sports,1677,0
Sports,1678,0
Sports,1679,0
Sports,1680,0
Sports,1681,0
Sports,1682,0
Sports,1683,0
Sports,1684,0
Sports,1685,0
Sports,1686,0
Sports,1687,0
Sports,1688,0
Sports,1689,0
Sports,1690,0
Sports,1691,0
Sports,1692,0
Sports,1693,0
Sports,1694,0
Sports,1695,0
Sports,1696,0
Sports,1697,0
Sports,1698,0
Sports,1699,0
Sports,1700,0
Sports,1701,0
Sports,1702,0
Sports,1703,0
Sports,1704,0
Sports,1705,0
Sports,1706,0
Sports,1707,0
Sports,1708,0
Sports,1709,0
Sports,1710,0
Sports,1711,0
Sports,1712,0
Sports,1713,0
Sports,1714,0
Sports,1715,0
Sports,1716,0
Sports,1717,0
Sports,1718,0
Sports,1719,0
Sports,1720,0
Sports,1721,0
Sports,1722,0
Sports,1723,0
Sports,1724,0
Sports,1725,0
Sports,1726,0
Sports,1727,0
Sports,1728,0
Sports,1729,0
Sports,1730,0
Sports,1731,0
Sports,1732,0
Sports,1733,0
Sports,1734,0
Sports,1735,0
Sports,1736,0
Sports,1737,0
Sports,1738,0
Sports,1739,0
Sports,1740,0
Sports,1741,0
Sports,1742,0
Sports,1743,0
Sports,1744,0
Sports,1745,0
Sports,1746,0
Sports,1747,0
Sports,1748,0
Sports,1749,0
Sports,1750,0
Sports,1751,0
Sports,1752,0
Sports,1753,0
Sports,1754,0
Sports,1755,0
Sports,1756,0
Sports,1757,0
Sports,1758,0
Sports,1759,0
Sports,1760,0
Sports,1761,0
Sports,1762,0
Sports,1763,0
Sports,1764,0
Sports,1765,0
Sports,1766,0
Sports,1767,0
Sports,1768,0
Sports,1769,0
Sports,1770,0
Sports,1771,0
Sports,1772,0
Sports,1773,0
Sports,1774,0
Sports,1775,0
Sports,1776,0
Sports,1777,0
Sports,1778,0
Sports,1779,0
Sports,1780,0
Sports,1781,0
Sports,1782,0
Sports,1783,0
Sports,1784,0
Sports,1785,2
Sports,1786,0
Sports,1787,0
Sports,1788,0
Sports,1789,0
Sports,1790,0
Sports,1791,0
Sports,1792,0
Sports,1793,0
Sports,1794,0
Sports,1795,0
Sports,1796,0
Sports,1797,0
Sports,1798,0
Sports,1799,0
Sports,1800,0
Sports,1801,0
Sports,1802,0
Sports,1803,0
Sports,1804,0
Sports,1805,0
Sports,1806,0
Sports,1807,0
Sports,1808,0
Sports,1809,0
Sports,1810,0
Sports,1811,0
Sports,1812,0
Sports,1813,0
Sports,1814,0
Sports,1815,0
Sports,1816,0
Sports,1817,0
Sports,1818,0
Sports,1819,0
Sports,1820,0
Sports,1821,0
Sports,1822,0
Sports,1823,0
Sports,1824,0
Sports,1825,0
Sports,1826,0
Sports,1827,0
Sports,1828,0
Sports,1829,0
Sports,1830,0
Sports,1831,0
Sports,1832,0
Sports,1833,0
Sports,1834,0
Sports,1835,0
Sports,1836,0
Sports,1837,0
Sports,1838,0
Sports,1839,0
Sports,1840,0
Sports,1841,0
Sports,1842,0
Sports,1843,0
Sports,1844,0
Sports,1845,0
Sports,1846,0
Sports,1847,0
Sports,1848,0
Sports,1849,0
Sports,1850,0
Sports,1851,0
Sports,1852,0
Sports,1853,0
Sports,1854,0
Sports,1855,0
Sports,1856,0
Sports,1857,0
Sports,1858,0
Sports,1859,0
Sports,1860,3
Sports,1861,0
Sports,1862,0
Sports,1863,0
Sports,1864,0
Sports,1865,0
Sports,1866,0
Sports,1867,0
Sports,1868,0
Sports,1869,0
Sports,1870,0
Sports,1871,0
Sports,1872,0
Sports,1873,0
Sports,1874,0
Sports,1875,0
Sports,1876,0
Sports,1877,0
Sports,1878,0
Sports,1879,0
Sports,1880,0
Sports,1881,0
Sports,1882,0
Sports,1883,0
Sports,1884,0
Sports,1885,0
Sports,1886,0
Sports,1887,0
Sports,1888,0
Sports,1889,0
Sports,1890,0
Sports,1891,0
Sports,1892,0
Sports,1893,0
Sports,1894,0
Sports,1895,0
Sports,1896,0
Sports,1897,0
Sports,1898,0
Sports,1899,0
Sports,1900,0
Sports,1901,0
Sports,1902,0
Sports,1903,0
Sports,1904,0
Sports,1905,0
Sports,1906,0
Sports,1907,0
Sports,1908,0
Sports,1909,0
Sports,1910,2
Sports,1911,0
Sports,1912,0
Sports,1913,0
Sports,1914,0
Sports,1915,0
Sports,1916,0
Sports,1917,2
Sports,1918,0
Sports,1919,0
Sports,1920,0
Sports,1921,0
Sports,1922,0
Sports,1923,0
Sports,1924,0
Sports,1925,0
Sports,1926,0
Sports,1927,0
Sports,1928,0
Sports,1929,0
Sports,1930,0
Sports,1931,0
Sports,1932,0
Sports,1933,0
Sports,1934,0
Sports,1935,0
Sports,1936,0
Sports,1937,0
Sports,1938,0
Sports,1939,0
Sports,1940,0
Sports,1941,0
Sports,1942,0
Sports,1943,0
Sports,1944,0
Sports,1945,0
Sports,1946,0
Sports,1947,0
Sports,1948,2
Sports,1949,0
Sports,1950,0
Sports,1951,0
Sports,1952,2
Sports,1953,0
Sports,1954,0
Sports,1955,0
Sports,1956,3
Sports,1957,0
Sports,1958,0
Sports,1959,0
Sports,1960,0
Sports,1961,0
Sports,1962,0
Sports,1963,0
Sports,1964,0
Sports,1965,0
Sports,1966,0
Sports,1967,0
Sports,1968,0
Sports,1969,0
Sports,1970,0
Sports,1971,0
Sports,1972,0
Sports,1973,0
Sports,1974,0
Sports,1975,0
Sports,1976,0
Sports,1977,0
Sports,1978,0
Sports,1979,0
Sports,1980,0
Sports,1981,0
Sports,1982,0
Sports,1983,0
Sports,1984,0
Sports,1985,0
Sports,1986,0
Sports,1987,0
Sports,1988,0
Sports,1989,0
Sports,1990,0
Sports,1991,0
Sports,1992,0
Sports,1993,0
Sports,1994,0
Sports,1995,0
Sports,1996,0
Sports,1997,0
Sports,1998,0
Sports,1999,0
Business,2000,2
Business,2001,2
Business,2002,2
Business,2003,2
Business,2004,2
Business,2005,2
Business,2006,2
Business,2007,2
Business,2008,2
Business,2009,2
Business,2010,2
Business,2011,2
Business,2012,2
Business,2013,2
Business,2014,2
Business,2015,2
Business,2016,2
Business,2017,2
Business,2018,2
Business,2019,2
Business,2020,2
Business,2021,2
Business,2022,2
Business,2023,2
Business,2024,2
Business,2025,2
Business,2026,2
Business,2027,2
Business,2028,0
Business,2029,2
Business,2030,2
Business,2031,2
Business,2032,3
Business,2033,3
Business,2034,2
Business,2035,2
Business,2036,3
Business,2037,2
Business,2038,2
Business,2039,2
Business,2040,2
Business,2041,3
Business,2042,2
Business,2043,2
Business,2044,2
Business,2045,2
Business,2046,2
Business,2047,2
Business,2048,2
Business,2049,2
Business,2050,2
Business,2051,2
Business,2052,2
Business,2053,2
Business,2054,2
Business,2055,2
Business,2056,2
Business,2057,2
Business,2058,2
Business,2059,2
Business,2060,2
Business,2061,2
Business,2062,2
Business,2063,2
Business,2064,2
Business,2065,0
Business,2066,2
Business,2067,2
Business,2068,2
Business,2069,2
Business,2070,2
Business,2071,2
Business,2072,2
Business,2073,2
Business,2074,2
Business,2075,2
Business,2076,2
Business,2077,0
Business,2078,2
Business,2079,3
Business,2080,2
Business,2081,2
Business,2082,2
Business,2083,3
Business,2084,2
Business,2085,2
Business,2086,2
Business,2087,3
Business,2088,2
Business,2089,2
Business,2090,2
Business,2091,2
Business,2092,2
Business,2093,2
Business,2094,2
Business,2095,2
Business,2096,2
Business,2097,2
Business,2098,2
Business,2099,0
Business,2100,0
Business,2101,2
Business,2102,2
Business,2103,2
Business,2104,2
Business,2105,2
Business,2106,2
Business,2107,2
Business,2108,3
Business,2109,2
Business,2110,2
Business,2111,2
Business,2112,2
Business,2113,2
Business,2114,2
Business,2115,2
Business,2116,2
Business,2117,2
Business,2118,2
Business,2119,2
Business,2120,2
Business,2121,2
Business,2122,2
Business,2123,2
Business,2124,2
Business,2125,2
Business,2126,3
Business,2127,2
Business,2128,2
Business,2129,2
Business,2130,2
Business,2131,2
Business,2132,2
Business,2133,2
Business,2134,2
Business,2135,2
Business,2136,2
Business,2137,2
Business,2138,2
Business,2139,0
Business,2140,2
Business,2141,2
Business,2142,2
Business,2143,2
Business,2144,2
Business,2145,2
Business,2146,2
Business,2147,3
Business,2148,2
Business,2149,2
Business,2150,2
Business,2151,2
Business,2152,2
Business,2153,2
Business,2154,2
Business,2155,2
Business,2156,2
Business,2157,2
Business,2158,2
Business,2159,2
Business,2160,2
Business,2161,2
Business,2162,2
Business,2163,2
Business,2164,2
Business,2165,2
Business,2166,2
Business,2167,2
Business,2168,2
Business,2169,2
Business,2170,2
Business,2171,2
Business,2172,0
Business,2173,2
Business,2174,2
Business,2175,2
Business,2176,2
Business,2177,2
Business,2178,2
Business,2179,2
Business,2180,2
Business,2181,2
Business,2182,2
Business,2183,2
Business,2184,2
Business,2185,2
Business,2186,2
Business,2187,2
Business,2188,2
Business,2189,2
Business,2190,2
Business,2191,2
Business,2192,2
Business,2193,2
Business,2194,2
Business,2195,2
Business,2196,2
Business,2197,2
Business,2198,2
Business,2199,2
Business,2200,2
Business,2201,2
Business,2202,2
Business,2203,2
Business,2204,2
Business,2205,2
Business,2206,2
Business,2207,2
Business,2208,2
Business,2209,2
Business,2210,2
Business,2211,2
Business,2212,2
Business,2213,2
Business,2214,2
Business,2215,2
Business,2216,2
Business,2217,2
Business,2218,2
Business,2219,2
Business,2220,2
Business,2221,2
Business,2222,0
Business,2223,2
Business,2224,2
Business,2225,3
Business,2226,2
Business,2227,2
Business,2228,2
Business,2229,2
Business,2230,2
Business,2231,2
Business,2232,2
Business,2233,2
Business,2234,2
Business,2235,2
Business,2236,2
Business,2237,2
Business,2238,2
Business,2239,2
Business,2240,2
Business,2241,2
Business,2242,2
Business,2243,2
Business,2244,2
Business,2245,2
Business,2246,2
Business,2247,2
Business,2248,2
Business,2249,2
Business,2250,2
Business,2251,2
Business,2252,2
Business,2253,2
Business,2254,2
Business,2255,2
Business,2256,2
Business,2257,2
Business,2258,2
Business,2259,2
Business,2260,2
Business,2261,2
Business,2262,2
Business,2263,2
Business,2264,2
Business,2265,2
Business,2266,2
Business,2267,2
Business,2268,2
Business,2269,2
Business,2270,0
Business,2271,0
Business,2272,2
Business,2273,2
Business,2274,2
Business,2275,0
Business,2276,0
Business,2277,2
Business,2278,2
Business,2279,2
Business,2280,2
Business,2281,2
Business,2282,2
Business,2283,2
Business,2284,2
Business,2285,3
Business,2286,2
Business,2287,2
Business,2288,2
Business,2289,2
Business,2290,2
Business,2291,2
Business,2292,2
Business,2293,2
Business,2294,2
Business,2295,2
Business,2296,2
Business,2297,2
Business,2298,2
Business,2299,2
Business,2300,2
Business,2301,2
Business,2302,2
Business,2303,2
Business,2304,2
Business,2305,3
Business,2306,2
Business,2307,2
Business,2308,2
Business,2309,2
Business,2310,2
Business,2311,3
Business,2312,2
Business,2313,2
Business,2314,2
Business,2315,2
Business,2316,2
Business,2317,2
Business,2318,2
Business,2319,2
Business,2320,2
Business,2321,2
Business,2322,2
Business,2323,2
Business,2324,0
Business,2325,2
Business,2326,2
Business,2327,2
Business,2328,2
Business,2329,2
Business,2330,2
Business,2331,2
Business,2332,2
Business,2333,2
Business,2334,2
Business,2335,2
Business,2336,2
Business,2337,3
Business,2338,2
Business,2339,2
Business,2340,2
Business,2341,2
Business,2342,2
Business,2343,2
Business,2344,2
Business,2345,2
Business,2346,3
Business,2347,2
Business,2348,2
Business,2349,0
Business,2350,2
Business,2351,2
Business,2352,2
Business,2353,2
Business,2354,3
Business,2355,2
Business,2356,2
Business,2357,2
Business,2358,2
Business,2359,2
Business,2360,2
Business,2361,2
Business,2362,2
Business,2363,2
Business,2364,2
Business,2365,2
Business,2366,0
Business,2367,2
Business,2368,2
Business,2369,2
Business,2370,2
Business,2371,2
Business,2372,3
Business,2373,2
Business,2374,2
Business,2375,0
Business,2376,2
Business,2377,2
Business,2378,2
Business,2379,2
Business,2380,2
Business,2381,2
Business,2382,2
Business,2383,2
Business,2384,2
Business,2385,2
Business,2386,2
Business,2387,2
Business,2388,2
Business,2389,2
Business,2390,2
Business,2391,2
Business,2392,2
Business,2393,2
Business,2394,2
Business,2395,2
Business,2396,2
Business,2397,2
Business,2398,2
Business,2399,0
Business,2400,2
Business,2401,0
Business,2402,2
Business,2403,2
Business,2404,2
Business,2405,2
Business,2406,2
Business,2407,2
Business,2408,2
Business,2409,2
Business,2410,2
Business,2411,2
Business,2412,2
Business,2413,0
Business,2414,2
Business,2415,2
Business,2416,2
Business,2417,2
Business,2418,2
Business,2419,2
Business,2420,2
Business,2421,3
Business,2422,2
Business,2423,2
Business,2424,2
Business,2425,2
Business,2426,2
Business,2427,2
Business,2428,2
Business,2429,2
Business,2430,2
Business,2431,2
Business,2432,2
Business,2433,2
Business,2434,3
Business,2435,2
Business,2436,2
Business,2437,2
Business,2438,2
Business,2439,0
Business,2440,2
Business,2441,2
Business,2442,2
Business,2443,0
Business,2444,2
Business,2445,2
Business,2446,2
Business,2447,0
Business,2448,2
Business,2449,2
Business,2450,2
Business,2451,0
Business,2452,3
Business,2453,2
Business,2454,2
Business,2455,2
Business,2456,2
Business,2457,2
Business,2458,2
Business,2459,2
Business,2460,2
Business,2461,2
Business,2462,2
Business,2463,2
Business,2464,2
Business,2465,2
Business,2466,2
Business,2467,2
Business,2468,2
Business,2469,2
Business,2470,2
Business,2471,2
Business,2472,2
Business,2473,2
Business,2474,2
Business,2475,2
Business,2476,2
Business,2477,2
Business,2478,2
Business,2479,2
Business,2480,2
Business,2481,2
Business,2482,2
Business,2483,2
Business,2484,0
Business,2485,2
Business,2486,2
Business,2487,2
Business,2488,2
Business,2489,2
Business,2490,2
Business,2491,2
Business,2492,2
Business,2493,2
Business,2494,2
Business,2495,2
Business,2496,0
Business,2497,2
Business,2498,2
Business,2499,2
Business,2500,2
Business,2501,2
Business,2502,2
Business,2503,0
Business,2504,2
Business,2505,2
Business,2506,2
Business,2507,2
Business,2508,2
Business,2509,2
Business,2510,2
Business,2511,2
Business,2512,2
Business,2513,2
Business,2514,2
Business,2515,2
Business,2516,2
Business,2517,2
Business,2518,2
Business,2519,2
Business,2520,3
Business,2521,0
Business,2522,2
Business,2523,2
Business,2524,2
Business,2525,2
Business,2526,2
Business,2527,2
Business,2528,2
Business,2529,0
Business,2530,2
Business,2531,2
Business,2532,2
Business,2533,2
Business,2534,2
Business,2535,3
Business,2536,2
Business,2537,2
Business,2538,3
Business,2539,2
Business,2540,2
Business,2541,2
Business,2542,2
Business,2543,2
Business,2544,2
Business,2545,2
Business,2546,2
Business,2547,2
Business,2548,2
Business,2549,2
Business,2550,2
Business,2551,2
Business,2552,2
Business,2553,2
Business,2554,2
Business,2555,2
Business,2556,2
Business,2557,3
Business,2558,2
Business,2559,2
Business,2560,2
Business,2561,2
Business,2562,2
Business,2563,2
Business,2564,2
Business,2565,3
Business,2566,2
Business,2567,2
Business,2568,2
Business,2569,2
Business,2570,2
Business,2571,2
Business,2572,2
Business,2573,2
Business,2574,2
Business,2575,0
Business,2576,2
Business,2577,2
Business,2578,2
Business,2579,2
Business,2580,2
Business,2581,2
Business,2582,2
Business,2583,2
Business,2584,2
Business,2585,2
Business,2586,2
Business,2587,3
Business,2588,2
Business,2589,2
Business,2590,2
Business,2591,2
Business,2592,3
Business,2593,2
Business,2594,2
Business,2595,2
Business,2596,2
Business,2597,2
Business,2598,2
Business,2599,2
Business,2600,2
Business,2601,2
Business,2602,2
Business,2603,2
Business,2604,2
Business,2605,2
Business,2606,2
Business,2607,2
Business,2608,2
Business,2609,2
Business,2610,2
Business,2611,2
Business,2612,2
Business,2613,2
Business,2614,2
Business,2615,2
Business,2616,2
Business,2617,2
Business,2618,2
Business,2619,2
Business,2620,2
Business,2621,2
Business,2622,2
Business,2623,2
Business,2624,2
Business,2625,2
Business,2626,2
Business,2627,2
Business,2628,2
Business,2629,2
Business,2630,2
Business,2631,0
Business,2632,2
Business,2633,2
Business,2634,2
Business,2635,2
Business,2636,2
Business,2637,2
Business,2638,2
Business,2639,2
Business,2640,2
Business,2641,2
Business,2642,2
Business,2643,3
Business,2644,2
Business,2645,2
Business,2646,2
Business,2647,0
Business,2648,0
Business,2649,2
Business,2650,2
Business,2651,2
Business,2652,2
Business,2653,2
Business,2654,2
Business,2655,2
Business,2656,2
Business,2657,2
Business,2658,2
Business,2659,2
Business,2660,2
Business,2661,2
Business,2662,2
Business,2663,2
Business,2664,2
Business,2665,3
Business,2666,2
Business,2667,2
Business,2668,2
Business,2669,2
Business,2670,3
Business,2671,2
Business,2672,2
Business,2673,2
Business,2674,2
Business,2675,2
Business,2676,2
Business,2677,2
Business,2678,2
Business,2679,2
Business,2680,2
Business,2681,2
Business,2682,2
Business,2683,2
Business,2684,2
Business,2685,2
Business,2686,0
Business,2687,2
Business,2688,3
Business,2689,2
Business,2690,2
Business,2691,3
Business,2692,2
Business,2693,2
Business,2694,2
Business,2695,2
Business,2696,2
Business,2697,2
Business,2698,2
Business,2699,2
Business,2700,2
Business,2701,2
Business,2702,2
Business,2703,2
Business,2704,0
Business,2705,2
Business,2706,2
Business,2707,2
Business,2708,2
Business,2709,2
Business,2710,2
Business,2711,2
Business,2712,2
Business,2713,2
Business,2714,2
Business,2715,2
Business,2716,2
Business,2717,2
Business,2718,2
Business,2719,2
Business,2720,2
Business,2721,2
Business,2722,2
Business,2723,2
Business,2724,2
Business,2725,3
Business,2726,0
Business,2727,2
Business,2728,2
Business,2729,2
Business,2730,2
Business,2731,2
Business,2732,2
Business,2733,3
Business,2734,2
Business,2735,2
Business,2736,2
Business,2737,2
Business,2738,2
Business,2739,2
Business,2740,0
Business,2741,2
Business,2742,2
Business,2743,2
Business,2744,2
Business,2745,2
Business,2746,2
Business,2747,2
Business,2748,2
Business,2749,2
Business,2750,2
Business,2751,2
Business,2752,2
Business,2753,2
Business,2754,2
Business,2755,2
Business,2756,2
Business,2757,2
Business,2758,2
Business,2759,2
Business,2760,2
Business,2761,2
Business,2762,2
Business,2763,2
Business,2764,2
Business,2765,2
Business,2766,2
Business,2767,2
Business,2768,2
Business,2769,2
Business,2770,2
Business,2771,2
Business,2772,2
Business,2773,2
Business,2774,2
Business,2775,0
Business,2776,2
Business,2777,2
Business,2778,2
Business,2779,2
Business,2780,2
Business,2781,2
Business,2782,2
Business,2783,2
Business,2784,2
Business,2785,0
Business,2786,2
Business,2787,2
Business,2788,0
Business,2789,2
Business,2790,2
Business,2791,2
Business,2792,2
Business,2793,2
Business,2794,2
Business,2795,2
Business,2796,2
Business,2797,2
Business,2798,2
Business,2799,2
Business,2800,2
Business,2801,2
Business,2802,2
Business,2803,2
Business,2804,2
Business,2805,0
Business,2806,2
Business,2807,2
Business,2808,2
Business,2809,2
Business,2810,3
Business,2811,2
Business,2812,2
Business,2813,2
Business,2814,2
Business,2815,2
Business,2816,2
Business,2817,2
Business,2818,2
Business,2819,2
Business,2820,2
Business,2821,2
Business,2822,2
Business,2823,2
Business,2824,2
Business,2825,2
Business,2826,2
Business,2827,2
Business,2828,2
Business,2829,2
Business,2830,0
Business,2831,2
Business,2832,2
Business,2833,2
Business,2834,2
Business,2835,2
Business,2836,2
Business,2837,3
Business,2838,2
Business,2839,2
Business,2840,2
Business,2841,2
Business,2842,0
Business,2843,2
Business,2844,2
Business,2845,2
Business,2846,2
Business,2847,2
Business,2848,2
Business,2849,2
Business,2850,2
Business,2851,2
Business,2852,2
Business,2853,2
Business,2854,2
Business,2855,3
Business,2856,2
Business,2857,2
Business,2858,2
Business,2859,2
Business,2860,2
Business,2861,2
Business,2862,2
Business,2863,2
Business,2864,2
Business,2865,2
Business,2866,2
Business,2867,2
Business,2868,2
Business,2869,2
Business,2870,2
Business,2871,2
Business,2872,2
Business,2873,2
Business,2874,0
Business,2875,2
Business,2876,2
Business,2877,2
Business,2878,2
Business,2879,0
Business,2880,2
Business,2881,0
Business,2882,2
Business,2883,2
Business,2884,2
Business,2885,2
Business,2886,2
Business,2887,2
Business,2888,2
Business,2889,2
Business,2890,2
Business,2891,2
Business,2892,2
Business,2893,2
Business,2894,2
Business,2895,2
Business,2896,2
Business,2897,2
Business,2898,2
Business,2899,2
Business,2900,2
Business,2901,2
Business,2902,2
Business,2903,2
Business,2904,2
Business,2905,2
Business,2906,2
Business,2907,2
Business,2908,2
Business,2909,2
Business,2910,2
Business,2911,0
Business,2912,2
Business,2913,2
Business,2914,2
Business,2915,2
Business,2916,2
Business,2917,2
Business,2918,2
Business,2919,2
Business,2920,2
Business,2921,2
Business,2922,2
Business,2923,2
Business,2924,2
Business,2925,2
Business,2926,2
Business,2927,2
Business,2928,2
Business,2929,2
Business,2930,2
Business,2931,0
Business,2932,2
Business,2933,2
Business,2934,2
Business,2935,2
Business,2936,2
Business,2937,2
Business,2938,2
Business,2939,2
Business,2940,2
Business,2941,2
Business,2942,2
Business,2943,2
Business,2944,2
Business,2945,2
Business,2946,2
Business,2947,2
Business,2948,2
Business,2949,0
Business,2950,2
Business,2951,2
Business,2952,2
Business,2953,2
Business,2954,2
Business,2955,2
Business,2956,2
Business,2957,3
Business,2958,2
Business,2959,2
Business,2960,2
Business,2961,2
Business,2962,2
Business,2963,2
Business,2964,2
Business,2965,2
Business,2966,2
Business,2967,2
Business,2968,2
Business,2969,2
Business,2970,2
Business,2971,2
Business,2972,2
Business,2973,2
Business,2974,0
Business,2975,2
Business,2976,2
Business,2977,2
Business,2978,2
Business,2979,2
Business,2980,2
Business,2981,2
Business,2982,2
Business,2983,3
Business,2984,2
Business,2985,2
Business,2986,2
Business,2987,2
Business,2988,2
Business,2989,2
Business,2990,2
Business,2991,2
Business,2992,0
Business,2993,0
Business,2994,2
Business,2995,0
Business,2996,2
Business,2997,2
Business,2998,2
Business,2999,2
Sci/Tech,3000,2
Sci/Tech,3001,2
Sci/Tech,3002,2
Sci/Tech,3003,2
Sci/Tech,3004,3
Sci/Tech,3005,3
Sci/Tech,3006,2
Sci/Tech,3007,2
Sci/Tech,3008,2
Sci/Tech,3009,2
Sci/Tech,3010,2
Sci/Tech,3011,2
Sci/Tech,3012,2
Sci/Tech,3013,2
Sci/Tech,3014,2
Sci/Tech,3015,2
Sci/Tech,3016,2
Sci/Tech,3017,3
Sci/Tech,3018,0
Sci/Tech,3019,2
Sci/Tech,3020,2
Sci/Tech,3021,0
Sci/Tech,3022,2
Sci/Tech,3023,0
Sci/Tech,3024,3
Sci/Tech,3025,2
Sci/Tech,3026,2
Sci/Tech,3027,2
Sci/Tech,3028,2
Sci/Tech,3029,2
Sci/Tech,3030,2
Sci/Tech,3031,3
Sci/Tech,3032,2
Sci/Tech,3033,2
Sci/Tech,3034,2
Sci/Tech,3035,2
Sci/Tech,3036,2
Sci/Tech,3037,2
Sci/Tech,3038,2
Sci/Tech,3039,2
Sci/Tech,3040,2
Sci/Tech,3041,2
Sci/Tech,3042,2
Sci/Tech,3043,2
Sci/Tech,3044,3
Sci/Tech,3045,2
Sci/Tech,3046,2
Sci/Tech,3047,3
Sci/Tech,3048,2
Sci/Tech,3049,2
Sci/Tech,3050,2
Sci/Tech,3051,2
Sci/Tech,3052,0
Sci/Tech,3053,2
Sci/Tech,3054,2
Sci/Tech,3055,2
Sci/Tech,3056,2
Sci/Tech,3057,2
Sci/Tech,3058,2
Sci/Tech,3059,2
Sci/Tech,3060,2
Sci/Tech,3061,2
Sci/Tech,3062,2
Sci/Tech,3063,2
Sci/Tech,3064,2
Sci/Tech,3065,2
Sci/Tech,3066,2
Sci/Tech,3067,2
Sci/Tech,3068,2
Sci/Tech,3069,0
Sci/Tech,3070,2
Sci/Tech,3071,2
Sci/Tech,3072,2
Sci/Tech,3073,2
Sci/Tech,3074,2
Sci/Tech,3075,0
Sci/Tech,3076,2
Sci/Tech,3077,2
Sci/Tech,3078,2
Sci/Tech,3079,2
Sci/Tech,3080,3
Sci/Tech,3081,2
Sci/Tech,3082,0
Sci/Tech,3083,2
Sci/Tech,3084,2
Sci/Tech,3085,2
Sci/Tech,3086,0
Sci/Tech,3087,2
Sci/Tech,3088,3
Sci/Tech,3089,2
Sci/Tech,3090,2
Sci/Tech,3091,0
Sci/Tech,3092,2
Sci/Tech,3093,2
Sci/Tech,3094,2
Sci/Tech,3095,2
Sci/Tech,3096,2
Sci/Tech,3097,2
Sci/Tech,3098,2
Sci/Tech,3099,2
Sci/Tech,3100,2
Sci/Tech,3101,2
Sci/Tech,3102,0
Sci/Tech,3103,2
Sci/Tech,3104,2
Sci/Tech,3105,2
Sci/Tech,3106,2
Sci/Tech,3107,2
Sci/Tech,3108,2
Sci/Tech,3109,2
Sci/Tech,3110,2
Sci/Tech,3111,2
Sci/Tech,3112,2
Sci/Tech,3113,2
Sci/Tech,3114,0
Sci/Tech,3115,2
Sci/Tech,3116,2
Sci/Tech,3117,2
Sci/Tech,3118,2
Sci/Tech,3119,2
Sci/Tech,3120,2
Sci/Tech,3121,2
Sci/Tech,3122,2
Sci/Tech,3123,2
Sci/Tech,3124,2
Sci/Tech,3125,0
Sci/Tech,3126,2
Sci/Tech,3127,2
Sci/Tech,3128,2
Sci/Tech,3129,2
Sci/Tech,3130,3
Sci/Tech,3131,2
Sci/Tech,3132,2
Sci/Tech,3133,2
Sci/Tech,3134,0
Sci/Tech,3135,2
Sci/Tech,3136,2
Sci/Tech,3137,2
Sci/Tech,3138,2
Sci/Tech,3139,2
Sci/Tech,3140,3
Sci/Tech,3141,0
Sci/Tech,3142,3
Sci/Tech,3143,0
Sci/Tech,3144,2
Sci/Tech,3145,2
Sci/Tech,3146,2
Sci/Tech,3147,2
Sci/Tech,3148,0
Sci/Tech,3149,2
Sci/Tech,3150,2
Sci/Tech,3151,3
Sci/Tech,3152,2
Sci/Tech,3153,2
Sci/Tech,3154,2
Sci/Tech,3155,2
Sci/Tech,3156,2
Sci/Tech,3157,2
Sci/Tech,3158,2
Sci/Tech,3159,0
Sci/Tech,3160,2
Sci/Tech,3161,2
Sci/Tech,3162,3
Sci/Tech,3163,0
Sci/Tech,3164,2
Sci/Tech,3165,0
Sci/Tech,3166,3
Sci/Tech,3167,2
Sci/Tech,3168,2
Sci/Tech,3169,2
Sci/Tech,3170,2
Sci/Tech,3171,2
Sci/Tech,3172,0
Sci/Tech,3173,0
Sci/Tech,3174,2
Sci/Tech,3175,2
Sci/Tech,3176,2
Sci/Tech,3177,0
Sci/Tech,3178,0
Sci/Tech,3179,2
Sci/Tech,3180,2
Sci/Tech,3181,0
Sci/Tech,3182,2
Sci/Tech,3183,2
Sci/Tech,3184,2
Sci/Tech,3185,2
Sci/Tech,3186,2
Sci/Tech,3187,2
Sci/Tech,3188,2
Sci/Tech,3189,0
Sci/Tech,3190,2
Sci/Tech,3191,2
Sci/Tech,3192,2
Sci/Tech,3193,2
Sci/Tech,3194,2
Sci/Tech,3195,2
Sci/Tech,3196,2
Sci/Tech,3197,2
Sci/Tech,3198,3
Sci/Tech,3199,2
Sci/Tech,3200,2
Sci/Tech,3201,2
Sci/Tech,3202,2
Sci/Tech,3203,0
Sci/Tech,3204,3
Sci/Tech,3205,2
Sci/Tech,3206,2
Sci/Tech,3207,2
Sci/Tech,3208,2
Sci/Tech,3209,0
Sci/Tech,3210,2
Sci/Tech,3211,2
Sci/Tech,3212,2
Sci/Tech,3213,2
Sci/Tech,3214,2
Sci/Tech,3215,2
Sci/Tech,3216,2
Sci/Tech,3217,2
Sci/Tech,3218,2
Sci/Tech,3219,2
Sci/Tech,3220,2
Sci/Tech,3221,2
Sci/Tech,3222,2
Sci/Tech,3223,2
Sci/Tech,3224,0
Sci/Tech,3225,2
Sci/Tech,3226,2
Sci/Tech,3227,2
Sci/Tech,3228,2
Sci/Tech,3229,2
Sci/Tech,3230,2
Sci/Tech,3231,0
Sci/Tech,3232,3
Sci/Tech,3233,2
Sci/Tech,3234,2
Sci/Tech,3235,2
Sci/Tech,3236,3
Sci/Tech,3237,3
Sci/Tech,3238,2
Sci/Tech,3239,2
Sci/Tech,3240,2
Sci/Tech,3241,2
Sci/Tech,3242,3
Sci/Tech,3243,3
Sci/Tech,3244,2
Sci/Tech,3245,2
Sci/Tech,3246,2
Sci/Tech,3247,2
Sci/Tech,3248,3
Sci/Tech,3249,0
Sci/Tech,3250,2
Sci/Tech,3251,3
Sci/Tech,3252,2
Sci/Tech,3253,2
Sci/Tech,3254,3
Sci/Tech,3255,2
Sci/Tech,3256,3
Sci/Tech,3257,2
Sci/Tech,3258,2
Sci/Tech,3259,2
Sci/Tech,3260,2
Sci/Tech,3261,2
Sci/Tech,3262,2
Sci/Tech,3263,2
Sci/Tech,3264,3
Sci/Tech,3265,2
Sci/Tech,3266,2
Sci/Tech,3267,2
Sci/Tech,3268,2
Sci/Tech,3269,3
Sci/Tech,3270,2
Sci/Tech,3271,2
Sci/Tech,3272,2
Sci/Tech,3273,2
Sci/Tech,3274,2
Sci/Tech,3275,2
Sci/Tech,3276,2
Sci/Tech,3277,0
Sci/Tech,3278,2
Sci/Tech,3279,2
Sci/Tech,3280,2
Sci/Tech,3281,2
Sci/Tech,3282,2
Sci/Tech,3283,2
Sci/Tech,3284,2
Sci/Tech,3285,2
Sci/Tech,3286,2
Sci/Tech,3287,2
Sci/Tech,3288,3
Sci/Tech,3289,2
Sci/Tech,3290,2
Sci/Tech,3291,2
Sci/Tech,3292,2
Sci/Tech,3293,2
Sci/Tech,3294,2
Sci/Tech,3295,2
Sci/Tech,3296,2
Sci/Tech,3297,0
Sci/Tech,3298,2
Sci/Tech,3299,2
Sci/Tech,3300,2
Sci/Tech,3301,0
Sci/Tech,3302,2
Sci/Tech,3303,2
Sci/Tech,3304,2
Sci/Tech,3305,2
Sci/Tech,3306,0
Sci/Tech,3307,2
Sci/Tech,3308,2
Sci/Tech,3309,2
Sci/Tech,3310,2
Sci/Tech,3311,2
Sci/Tech,3312,0
Sci/Tech,3313,2
Sci/Tech,3314,0
Sci/Tech,3315,2
Sci/Tech,3316,2
Sci/Tech,3317,2
Sci/Tech,3318,2
Sci/Tech,3319,2
Sci/Tech,3320,0
Sci/Tech,3321,2
Sci/Tech,3322,2
Sci/Tech,3323,2
Sci/Tech,3324,2
Sci/Tech,3325,0
Sci/Tech,3326,2
Sci/Tech,3327,2
Sci/Tech,3328,2
Sci/Tech,3329,2
Sci/Tech,3330,0
Sci/Tech,3331,2
Sci/Tech,3332,3
Sci/Tech,3333,2
Sci/Tech,3334,3
Sci/Tech,3335,2
Sci/Tech,3336,0
Sci/Tech,3337,2
Sci/Tech,3338,2
Sci/Tech,3339,2
Sci/Tech,3340,2
Sci/Tech,3341,2
Sci/Tech,3342,2
Sci/Tech,3343,2
Sci/Tech,3344,0
Sci/Tech,3345,2
Sci/Tech,3346,2
Sci/Tech,3347,2
Sci/Tech,3348,2
Sci/Tech,3349,2
Sci/Tech,3350,2
Sci/Tech,3351,2
Sci/Tech,3352,2
Sci/Tech,3353,2
Sci/Tech,3354,2
Sci/Tech,3355,2
Sci/Tech,3356,2
Sci/Tech,3357,2
Sci/Tech,3358,2
Sci/Tech,3359,2
Sci/Tech,3360,2
Sci/Tech,3361,2
Sci/Tech,3362,3
Sci/Tech,3363,2
Sci/Tech,3364,0
Sci/Tech,3365,2
Sci/Tech,3366,2
Sci/Tech,3367,2
Sci/Tech,3368,2
Sci/Tech,3369,2
Sci/Tech,3370,2
Sci/Tech,3371,3
Sci/Tech,3372,2
Sci/Tech,3373,2
Sci/Tech,3374,2
Sci/Tech,3375,2
Sci/Tech,3376,2
Sci/Tech,3377,0
Sci/Tech,3378,2
Sci/Tech,3379,2
Sci/Tech,3380,2
Sci/Tech,3381,2
Sci/Tech,3382,2
Sci/Tech,3383,3
Sci/Tech,3384,2
Sci/Tech,3385,2
Sci/Tech,3386,2
Sci/Tech,3387,2
Sci/Tech,3388,2
Sci/Tech,3389,2
Sci/Tech,3390,2
Sci/Tech,3391,2
Sci/Tech,3392,2
Sci/Tech,3393,2
Sci/Tech,3394,2
Sci/Tech,3395,2
Sci/Tech,3396,2
Sci/Tech,3397,2
Sci/Tech,3398,0
Sci/Tech,3399,2
Sci/Tech,3400,2
Sci/Tech,3401,2
Sci/Tech,3402,2
Sci/Tech,3403,0
Sci/Tech,3404,0
Sci/Tech,3405,2
Sci/Tech,3406,0
Sci/Tech,3407,2
Sci/Tech,3408,0
Sci/Tech,3409,2
Sci/Tech,3410,2
Sci/Tech,3411,2
Sci/Tech,3412,2
Sci/Tech,3413,2
Sci/Tech,3414,3
Sci/Tech,3415,0
Sci/Tech,3416,0
Sci/Tech,3417,2
Sci/Tech,3418,0
Sci/Tech,3419,2
Sci/Tech,3420,2
Sci/Tech,3421,2
Sci/Tech,3422,2
Sci/Tech,3423,3
Sci/Tech,3424,2
Sci/Tech,3425,0
Sci/Tech,3426,2
Sci/Tech,3427,2
Sci/Tech,3428,2
Sci/Tech,3429,2
Sci/Tech,3430,2
Sci/Tech,3431,2
Sci/Tech,3432,2
Sci/Tech,3433,2
Sci/Tech,3434,2
Sci/Tech,3435,2
Sci/Tech,3436,2
Sci/Tech,3437,3
Sci/Tech,3438,2
Sci/Tech,3439,2
Sci/Tech,3440,2
Sci/Tech,3441,2
Sci/Tech,3442,2
Sci/Tech,3443,0
Sci/Tech,3444,2
Sci/Tech,3445,2
Sci/Tech,3446,2
Sci/Tech,3447,2
Sci/Tech,3448,2
Sci/Tech,3449,2
Sci/Tech,3450,2
Sci/Tech,3451,3
Sci/Tech,3452,2
Sci/Tech,3453,2
Sci/Tech,3454,2
Sci/Tech,3455,2
Sci/Tech,3456,2
Sci/Tech,3457,2
Sci/Tech,3458,2
Sci/Tech,3459,2
Sci/Tech,3460,3
Sci/Tech,3461,2
Sci/Tech,3462,2
Sci/Tech,3463,0
Sci/Tech,3464,2
Sci/Tech,3465,2
Sci/Tech,3466,2
Sci/Tech,3467,2
Sci/Tech,3468,2
Sci/Tech,3469,2
Sci/Tech,3470,2
Sci/Tech,3471,2
Sci/Tech,3472,2
Sci/Tech,3473,0
Sci/Tech,3474,2
Sci/Tech,3475,2
Sci/Tech,3476,2
Sci/Tech,3477,2
Sci/Tech,3478,2
Sci/Tech,3479,0
Sci/Tech,3480,3
Sci/Tech,3481,2
Sci/Tech,3482,2
Sci/Tech,3483,2
Sci/Tech,3484,2
Sci/Tech,3485,3
Sci/Tech,3486,0
Sci/Tech,3487,2
Sci/Tech,3488,2
Sci/Tech,3489,2
Sci/Tech,3490,2
Sci/Tech,3491,2
Sci/Tech,3492,2
Sci/Tech,3493,0
Sci/Tech,3494,0
Sci/Tech,3495,2
Sci/Tech,3496,2
Sci/Tech,3497,2
Sci/Tech,3498,2
Sci/Tech,3499,2
Sci/Tech,3500,2
Sci/Tech,3501,3
Sci/Tech,3502,2
Sci/Tech,3503,2
Sci/Tech,3504,2
Sci/Tech,3505,2
Sci/Tech,3506,2
Sci/Tech,3507,0
Sci/Tech,3508,2
Sci/Tech,3509,2
Sci/Tech,3510,2
Sci/Tech,3511,2
Sci/Tech,3512,2
Sci/Tech,3513,2
Sci/Tech,3514,2
Sci/Tech,3515,2
Sci/Tech,3516,2
Sci/Tech,3517,2
Sci/Tech,3518,2
Sci/Tech,3519,2
Sci/Tech,3520,2
Sci/Tech,3521,2
Sci/Tech,3522,0
Sci/Tech,3523,0
Sci/Tech,3524,2
Sci/Tech,3525,2
Sci/Tech,3526,2
Sci/Tech,3527,2
Sci/Tech,3528,0
Sci/Tech,3529,2
Sci/Tech,3530,2
Sci/Tech,3531,2
Sci/Tech,3532,2
Sci/Tech,3533,2
Sci/Tech,3534,2
Sci/Tech,3535,2
Sci/Tech,3536,2
Sci/Tech,3537,2
Sci/Tech,3538,2
Sci/Tech,3539,2
Sci/Tech,3540,3
Sci/Tech,3541,2
Sci/Tech,3542,2
Sci/Tech,3543,2
Sci/Tech,3544,0
Sci/Tech,3545,2
Sci/Tech,3546,2
Sci/Tech,3547,2
Sci/Tech,3548,2
Sci/Tech,3549,0
Sci/Tech,3550,2
Sci/Tech,3551,2
Sci/Tech,3552,2
Sci/Tech,3553,2
Sci/Tech,3554,2
Sci/Tech,3555,2
Sci/Tech,3556,2
Sci/Tech,3557,2
Sci/Tech,3558,2
Sci/Tech,3559,2
Sci/Tech,3560,2
Sci/Tech,3561,2
Sci/Tech,3562,2
Sci/Tech,3563,2
Sci/Tech,3564,2
Sci/Tech,3565,2
Sci/Tech,3566,0
Sci/Tech,3567,2
Sci/Tech,3568,0
Sci/Tech,3569,2
Sci/Tech,3570,2
Sci/Tech,3571,2
Sci/Tech,3572,2
Sci/Tech,3573,2
Sci/Tech,3574,2
Sci/Tech,3575,2
Sci/Tech,3576,2
Sci/Tech,3577,0
Sci/Tech,3578,2
Sci/Tech,3579,2
Sci/Tech,3580,2
Sci/Tech,3581,3
Sci/Tech,3582,2
Sci/Tech,3583,2
Sci/Tech,3584,2
Sci/Tech,3585,0
Sci/Tech,3586,2
Sci/Tech,3587,2
Sci/Tech,3588,2
Sci/Tech,3589,2
Sci/Tech,3590,2
Sci/Tech,3591,2
Sci/Tech,3592,2
Sci/Tech,3593,2
Sci/Tech,3594,2
Sci/Tech,3595,2
Sci/Tech,3596,2
Sci/Tech,3597,2
Sci/Tech,3598,2
Sci/Tech,3599,0
Sci/Tech,3600,2
Sci/Tech,3601,2
Sci/Tech,3602,2
Sci/Tech,3603,2
Sci/Tech,3604,2
Sci/Tech,3605,2
Sci/Tech,3606,3
Sci/Tech,3607,2
Sci/Tech,3608,2
Sci/Tech,3609,2
Sci/Tech,3610,2
Sci/Tech,3611,2
Sci/Tech,3612,2
Sci/Tech,3613,2
Sci/Tech,3614,2
Sci/Tech,3615,2
Sci/Tech,3616,2
Sci/Tech,3617,2
Sci/Tech,3618,2
Sci/Tech,3619,2
Sci/Tech,3620,2
Sci/Tech,3621,2
Sci/Tech,3622,2
Sci/Tech,3623,3
Sci/Tech,3624,2
Sci/Tech,3625,2
Sci/Tech,3626,2
Sci/Tech,3627,2
Sci/Tech,3628,2
Sci/Tech,3629,2
Sci/Tech,3630,2
Sci/Tech,3631,2
Sci/Tech,3632,2
Sci/Tech,3633,2
Sci/Tech,3634,2
Sci/Tech,3635,2
Sci/Tech,3636,2
Sci/Tech,3637,2
Sci/Tech,3638,2
Sci/Tech,3639,2
Sci/Tech,3640,2
Sci/Tech,3641,2
Sci/Tech,3642,2
Sci/Tech,3643,3
Sci/Tech,3644,2
Sci/Tech,3645,2
Sci/Tech,3646,2
Sci/Tech,3647,2
Sci/Tech,3648,2
Sci/Tech,3649,2
Sci/Tech,3650,2
Sci/Tech,3651,2
Sci/Tech,3652,2
Sci/Tech,3653,2
Sci/Tech,3654,2
Sci/Tech,3655,2
Sci/Tech,3656,2
Sci/Tech,3657,2
Sci/Tech,3658,2
Sci/Tech,3659,0
Sci/Tech,3660,2
Sci/Tech,3661,2
Sci/Tech,3662,2
Sci/Tech,3663,2
Sci/Tech,3664,0
Sci/Tech,3665,2
Sci/Tech,3666,2
Sci/Tech,3667,2
Sci/Tech,3668,2
Sci/Tech,3669,2
Sci/Tech,3670,2
Sci/Tech,3671,2
Sci/Tech,3672,2
Sci/Tech,3673,2
Sci/Tech,3674,2
Sci/Tech,3675,2
Sci/Tech,3676,2
Sci/Tech,3677,2
Sci/Tech,3678,0
Sci/Tech,3679,2
Sci/Tech,3680,2
Sci/Tech,3681,2
Sci/Tech,3682,2
Sci/Tech,3683,2
Sci/Tech,3684,2
Sci/Tech,3685,2
Sci/Tech,3686,2
Sci/Tech,3687,2
Sci/Tech,3688,2
Sci/Tech,3689,2
Sci/Tech,3690,2
Sci/Tech,3691,0
Sci/Tech,3692,0
Sci/Tech,3693,2
Sci/Tech,3694,2
Sci/Tech,3695,2
Sci/Tech,3696,2
Sci/Tech,3697,2
Sci/Tech,3698,2
Sci/Tech,3699,2
Sci/Tech,3700,2
Sci/Tech,3701,2
Sci/Tech,3702,2
Sci/Tech,3703,2
Sci/Tech,3704,2
Sci/Tech,3705,2
Sci/Tech,3706,2
Sci/Tech,3707,2
Sci/Tech,3708,3
Sci/Tech,3709,2
Sci/Tech,3710,2
Sci/Tech,3711,2
Sci/Tech,3712,3
Sci/Tech,3713,2
Sci/Tech,3714,2
Sci/Tech,3715,0
Sci/Tech,3716,2
Sci/Tech,3717,2
Sci/Tech,3718,0
Sci/Tech,3719,2
Sci/Tech,3720,2
Sci/Tech,3721,2
Sci/Tech,3722,2
Sci/Tech,3723,2
Sci/Tech,3724,2
Sci/Tech,3725,2
Sci/Tech,3726,2
Sci/Tech,3727,0
Sci/Tech,3728,2
Sci/Tech,3729,2
Sci/Tech,3730,0
Sci/Tech,3731,2
Sci/Tech,3732,2
Sci/Tech,3733,2
Sci/Tech,3734,2
Sci/Tech,3735,2
Sci/Tech,3736,2
Sci/Tech,3737,2
Sci/Tech,3738,2
Sci/Tech,3739,3
Sci/Tech,3740,2
Sci/Tech,3741,2
Sci/Tech,3742,3
Sci/Tech,3743,2
Sci/Tech,3744,2
Sci/Tech,3745,2
Sci/Tech,3746,2
Sci/Tech,3747,2
Sci/Tech,3748,0
Sci/Tech,3749,2
Sci/Tech,3750,2
Sci/Tech,3751,2
Sci/Tech,3752,0
Sci/Tech,3753,2
Sci/Tech,3754,2
Sci/Tech,3755,2
Sci/Tech,3756,2
Sci/Tech,3757,2
Sci/Tech,3758,2
Sci/Tech,3759,2
Sci/Tech,3760,2
Sci/Tech,3761,2
Sci/Tech,3762,2
Sci/Tech,3763,2
Sci/Tech,3764,2
Sci/Tech,3765,2
Sci/Tech,3766,0
Sci/Tech,3767,2
Sci/Tech,3768,2
Sci/Tech,3769,2
Sci/Tech,3770,2
Sci/Tech,3771,2
Sci/Tech,3772,2
Sci/Tech,3773,0
Sci/Tech,3774,0
Sci/Tech,3775,2
Sci/Tech,3776,2
Sci/Tech,3777,2
Sci/Tech,3778,0
Sci/Tech,3779,2
Sci/Tech,3780,3
Sci/Tech,3781,2
Sci/Tech,3782,3
Sci/Tech,3783,2
Sci/Tech,3784,2
Sci/Tech,3785,2
Sci/Tech,3786,2
Sci/Tech,3787,2
Sci/Tech,3788,2
Sci/Tech,3789,2
Sci/Tech,3790,2
Sci/Tech,3791,2
Sci/Tech,3792,2
Sci/Tech,3793,2
Sci/Tech,3794,2
Sci/Tech,3795,0
Sci/Tech,3796,0
Sci/Tech,3797,2
Sci/Tech,3798,2
Sci/Tech,3799,2
Sci/Tech,3800,2
Sci/Tech,3801,2
Sci/Tech,3802,0
Sci/Tech,3803,2
Sci/Tech,3804,0
Sci/Tech,3805,2
Sci/Tech,3806,2
Sci/Tech,3807,2
Sci/Tech,3808,2
Sci/Tech,3809,2
Sci/Tech,3810,2
Sci/Tech,3811,2
Sci/Tech,3812,2
Sci/Tech,3813,3
Sci/Tech,3814,2
Sci/Tech,3815,0
Sci/Tech,3816,2
Sci/Tech,3817,0
Sci/Tech,3818,2
Sci/Tech,3819,2
Sci/Tech,3820,2
Sci/Tech,3821,2
Sci/Tech,3822,2
Sci/Tech,3823,2
Sci/Tech,3824,0
Sci/Tech,3825,2
Sci/Tech,3826,2
Sci/Tech,3827,2
Sci/Tech,3828,3
Sci/Tech,3829,0
Sci/Tech,3830,2
Sci/Tech,3831,2
Sci/Tech,3832,2
Sci/Tech,3833,0
Sci/Tech,3834,2
Sci/Tech,3835,2
Sci/Tech,3836,2
Sci/Tech,3837,0
Sci/Tech,3838,2
Sci/Tech,3839,0
Sci/Tech,3840,2
Sci/Tech,3841,2
Sci/Tech,3842,2
Sci/Tech,3843,2
Sci/Tech,3844,2
Sci/Tech,3845,2
Sci/Tech,3846,2
Sci/Tech,3847,2
Sci/Tech,3848,2
Sci/Tech,3849,2
Sci/Tech,3850,2
Sci/Tech,3851,2
Sci/Tech,3852,2
Sci/Tech,3853,3
Sci/Tech,3854,2
Sci/Tech,3855,2
Sci/Tech,3856,0
Sci/Tech,3857,2
Sci/Tech,3858,2
Sci/Tech,3859,2
Sci/Tech,3860,2
Sci/Tech,3861,2
Sci/Tech,3862,2
Sci/Tech,3863,2
Sci/Tech,3864,2
Sci/Tech,3865,2
Sci/Tech,3866,2
Sci/Tech,3867,2
Sci/Tech,3868,2
Sci/Tech,3869,2
Sci/Tech,3870,2
Sci/Tech,3871,0
Sci/Tech,3872,2
Sci/Tech,3873,2
Sci/Tech,3874,2
Sci/Tech,3875,2
Sci/Tech,3876,3
Sci/Tech,3877,2
Sci/Tech,3878,2
Sci/Tech,3879,2
Sci/Tech,3880,2
Sci/Tech,3881,2
Sci/Tech,3882,2
Sci/Tech,3883,2
Sci/Tech,3884,2
Sci/Tech,3885,0
Sci/Tech,3886,2
Sci/Tech,3887,2
Sci/Tech,3888,0
Sci/Tech,3889,3
Sci/Tech,3890,2
Sci/Tech,3891,0
Sci/Tech,3892,2
Sci/Tech,3893,2
Sci/Tech,3894,2
Sci/Tech,3895,2
Sci/Tech,3896,2
Sci/Tech,3897,0
Sci/Tech,3898,2
Sci/Tech,3899,2
Sci/Tech,3900,2
Sci/Tech,3901,2
Sci/Tech,3902,2
Sci/Tech,3903,2
Sci/Tech,3904,2
Sci/Tech,3905,2
Sci/Tech,3906,2
Sci/Tech,3907,2
Sci/Tech,3908,2
Sci/Tech,3909,2
Sci/Tech,3910,2
Sci/Tech,3911,2
Sci/Tech,3912,2
Sci/Tech,3913,2
Sci/Tech,3914,0
Sci/Tech,3915,2
Sci/Tech,3916,2
Sci/Tech,3917,2
Sci/Tech,3918,0
Sci/Tech,3919,0
Sci/Tech,3920,2
Sci/Tech,3921,2
Sci/Tech,3922,2
Sci/Tech,3923,2
Sci/Tech,3924,2
Sci/Tech,3925,3
Sci/Tech,3926,2
Sci/Tech,3927,0
Sci/Tech,3928,0
Sci/Tech,3929,2
Sci/Tech,3930,2
Sci/Tech,3931,0
Sci/Tech,3932,2
Sci/Tech,3933,3
Sci/Tech,3934,2
Sci/Tech,3935,2
Sci/Tech,3936,0
Sci/Tech,3937,0
Sci/Tech,3938,0
Sci/Tech,3939,2
Sci/Tech,3940,2
Sci/Tech,3941,2
Sci/Tech,3942,2
Sci/Tech,3943,2
Sci/Tech,3944,2
Sci/Tech,3945,2
Sci/Tech,3946,2
Sci/Tech,3947,2
Sci/Tech,3948,2
Sci/Tech,3949,2
Sci/Tech,3950,2
Sci/Tech,3951,2
Sci/Tech,3952,2
Sci/Tech,3953,2
Sci/Tech,3954,2
Sci/Tech,3955,0
Sci/Tech,3956,2
Sci/Tech,3957,2
Sci/Tech,3958,2
Sci/Tech,3959,2
Sci/Tech,3960,2
Sci/Tech,3961,2
Sci/Tech,3962,2
Sci/Tech,3963,2
Sci/Tech,3964,2
Sci/Tech,3965,2
Sci/Tech,3966,0
Sci/Tech,3967,2
Sci/Tech,3968,2
Sci/Tech,3969,2
Sci/Tech,3970,2
Sci/Tech,3971,2
Sci/Tech,3972,2
Sci/Tech,3973,2
Sci/Tech,3974,0
Sci/Tech,3975,2
Sci/Tech,3976,3
Sci/Tech,3977,2
Sci/Tech,3978,0
Sci/Tech,3979,2
Sci/Tech,3980,3
Sci/Tech,3981,0
Sci/Tech,3982,0
Sci/Tech,3983,2
Sci/Tech,3984,2
Sci/Tech,3985,2
Sci/Tech,3986,2
Sci/Tech,3987,2
Sci/Tech,3988,2
Sci/Tech,3989,2
Sci/Tech,3990,2
Sci/Tech,3991,2
Sci/Tech,3992,0
Sci/Tech,3993,2
Sci/Tech,3994,2
Sci/Tech,3995,2
Sci/Tech,3996,2
Sci/Tech,3997,2
Sci/Tech,3998,0
Sci/Tech,3999,2
